Column1,Column2
,0
0,公寓
1,公寓
2,公寓
3,公寓
4,公寓
5,公寓
6,公寓
7,公寓
8,電梯大樓
9,公寓
10,透天厝
11,公寓
12,公寓
13,公寓
14,電梯大樓
15,公寓
16,公寓
17,電梯大樓
18,公寓
19,公寓
20,公寓
21,公寓
22,電梯大樓
23,公寓
24,公寓
25,透天厝
26,電梯大樓
27,公寓
28,透天厝
29,電梯大樓
30,公寓
31,公寓
32,透天厝
33,公寓
34,公寓
35,公寓
36,電梯大樓
37,公寓
38,電梯大樓
39,公寓
40,電梯大樓
41,公寓
42,電梯大樓
43,透天厝
44,電梯大樓
45,公寓
46,公寓
47,公寓
48,電梯大樓
49,電梯大樓
50,電梯大樓
51,公寓
52,透天厝
53,公寓
54,透天厝
55,公寓
56,公寓
57,公寓
58,電梯大樓
59,公寓
60,公寓
61,公寓
62,公寓
63,公寓
64,電梯大樓
65,公寓
66,公寓
67,公寓
68,公寓
69,公寓
70,公寓
71,電梯大樓
72,電梯大樓
73,公寓
74,公寓
75,公寓
76,公寓
77,電梯大樓
78,電梯大樓
79,電梯大樓
80,公寓
81,別墅
82,電梯大樓
83,公寓
84,公寓
85,公寓
86,公寓
87,電梯大樓
88,電梯大樓
89,電梯大樓
90,電梯大樓
91,公寓
92,公寓
93,公寓
94,透天厝
95,電梯大樓
96,公寓
97,公寓
98,公寓
99,電梯大樓
100,電梯大樓
101,公寓
102,公寓
103,公寓
104,公寓
105,電梯大樓
106,公寓
107,電梯大樓
108,公寓
109,公寓
110,電梯大樓
111,公寓
112,公寓
113,公寓
114,公寓
115,公寓
116,公寓
117,電梯大樓
118,公寓
119,電梯大樓
120,公寓
121,電梯大樓
122,電梯大樓
123,公寓
124,公寓
125,電梯大樓
126,公寓
127,公寓
128,公寓
129,電梯大樓
130,電梯大樓
131,公寓
132,公寓
133,電梯大樓
134,公寓
135,最短租期半年
136,公寓
137,公寓
138,公寓
139,公寓
140,電梯大樓
141,電梯大樓
142,公寓
143,電梯大樓
144,公寓
145,公寓
146,電梯大樓
147,公寓
148,公寓
149,電梯大樓
150,公寓
151,公寓
152,公寓
153,公寓
154,公寓
155,公寓
156,電梯大樓
157,電梯大樓
158,公寓
159,公寓
160,公寓
161,公寓
162,電梯大樓
163,公寓
164,透天厝
165,公寓
166,公寓
167,公寓
168,公寓
169,透天厝
170,公寓
171,公寓
172,公寓
173,公寓
174,公寓
175,公寓
176,電梯大樓
177,電梯大樓
178,電梯大樓
179,公寓
180,公寓
181,電梯大樓
182,透天厝
183,公寓
184,公寓
185,透天厝
186,電梯大樓
187,電梯大樓
188,透天厝
189,電梯大樓
190,公寓
191,電梯大樓
192,公寓
193,公寓
194,公寓
195,公寓
196,電梯大樓
197,公寓
198,公寓
199,電梯大樓
200,公寓
201,公寓
202,電梯大樓
203,公寓
204,公寓
205,公寓
206,電梯大樓
207,公寓
208,公寓
209,公寓
210,電梯大樓
211,電梯大樓
212,公寓
213,公寓
214,最短租期一年
215,公寓
216,公寓
217,公寓
218,公寓
219,公寓
220,電梯大樓
221,透天厝
222,最短租期一年
223,公寓
224,電梯大樓
225,電梯大樓
226,電梯大樓
227,電梯大樓
228,公寓
229,最短租期一年
230,公寓
231,公寓
232,公寓
233,公寓
234,公寓
235,公寓
236,電梯大樓
237,公寓
238,公寓
239,公寓
240,公寓
241,公寓
242,電梯大樓
243,公寓
244,公寓
245,電梯大樓
246,公寓
247,公寓
248,公寓
249,公寓
250,電梯大樓
251,透天厝
252,公寓
253,公寓
254,公寓
255,公寓
256,公寓
257,透天厝
258,透天厝
259,公寓
260,公寓
261,公寓
262,電梯大樓
263,電梯大樓
264,電梯大樓
265,公寓
266,電梯大樓
267,公寓
268,公寓
269,公寓
270,公寓
271,公寓
272,公寓
273,公寓
274,公寓
275,透天厝
276,透天厝
277,透天厝
278,公寓
279,公寓
280,公寓
281,公寓
282,公寓
283,公寓
284,公寓
285,公寓
286,公寓
287,公寓
288,公寓
289,電梯大樓
290,電梯大樓
291,最短租期一年
292,公寓
293,電梯大樓
294,公寓
295,公寓
296,透天厝
297,公寓
298,公寓
299,公寓
300,公寓
301,公寓
302,公寓
303,公寓
304,公寓
305,公寓
306,公寓
307,公寓
308,公寓
309,公寓
310,公寓
311,電梯大樓
312,公寓
313,電梯大樓
314,公寓
315,電梯大樓
316,電梯大樓
317,最短租期一年
318,公寓
319,電梯大樓
320,公寓
321,公寓
322,電梯大樓
323,透天厝
324,公寓
325,公寓
326,電梯大樓
327,公寓
328,公寓
329,透天厝
330,公寓
331,電梯大樓
332,電梯大樓
333,透天厝
334,公寓
335,公寓
336,公寓
337,透天厝
338,公寓
339,電梯大樓
340,電梯大樓
341,電梯大樓
342,公寓
343,電梯大樓
344,公寓
345,電梯大樓
346,公寓
347,公寓
348,透天厝
349,公寓
350,公寓
351,公寓
352,公寓
353,公寓
354,公寓
355,公寓
356,公寓
357,公寓
358,公寓
359,透天厝
360,公寓
361,公寓
362,電梯大樓
363,公寓
364,電梯大樓
365,公寓
366,公寓
367,公寓
368,透天厝
369,電梯大樓
370,電梯大樓
371,電梯大樓
372,公寓
373,公寓
374,電梯大樓
375,最短租期三個月
376,最短租期1月
377,最短租期1月
378,最短租期1月
379,最短租期1月
380,公寓
381,電梯大樓
382,公寓
383,透天厝
384,公寓
385,電梯大樓
386,電梯大樓
387,公寓
388,電梯大樓
389,電梯大樓
390,電梯大樓
391,公寓
392,電梯大樓
393,公寓
394,公寓
395,透天厝
396,公寓
397,公寓
398,公寓
399,公寓
400,電梯大樓
401,公寓
402,最短租期一年
403,公寓
404,公寓
405,公寓
406,電梯大樓
407,公寓
408,公寓
409,公寓
410,公寓
411,公寓
412,公寓
413,公寓
414,電梯大樓
415,公寓
416,公寓
417,公寓
418,電梯大樓
419,公寓
420,公寓
421,公寓
422,電梯大樓
423,電梯大樓
424,公寓
425,公寓
426,公寓
427,電梯大樓
428,電梯大樓
429,公寓
430,公寓
431,公寓
432,公寓
433,公寓
434,電梯大樓
435,公寓
436,電梯大樓
437,電梯大樓
438,公寓
439,公寓
440,公寓
441,透天厝
442,電梯大樓
443,電梯大樓
444,電梯大樓
445,電梯大樓
446,電梯大樓
447,電梯大樓
448,電梯大樓
449,公寓
450,電梯大樓
451,公寓
452,電梯大樓
453,公寓
454,電梯大樓
455,公寓
456,電梯大樓
457,電梯大樓
458,公寓
459,別墅
460,公寓
461,公寓
462,電梯大樓
463,電梯大樓
464,電梯大樓
465,公寓
466,公寓
467,公寓
468,公寓
469,電梯大樓
470,公寓
471,電梯大樓
472,電梯大樓
473,電梯大樓
474,公寓
475,電梯大樓
476,電梯大樓
477,電梯大樓
478,電梯大樓
479,電梯大樓
480,公寓
481,電梯大樓
482,電梯大樓
483,電梯大樓
484,電梯大樓
485,電梯大樓
486,公寓
487,電梯大樓
488,電梯大樓
489,電梯大樓
490,電梯大樓
491,電梯大樓
492,電梯大樓
493,公寓
494,公寓
495,公寓
496,透天厝
497,公寓
498,電梯大樓
499,電梯大樓
500,電梯大樓
501,電梯大樓
502,電梯大樓
503,透天厝
504,公寓
505,公寓
506,公寓
507,電梯大樓
508,公寓
509,電梯大樓
510,電梯大樓
511,電梯大樓
512,公寓
513,電梯大樓
514,電梯大樓
515,公寓
516,最短租期一年
517,公寓
518,公寓
519,公寓
520,電梯大樓
521,公寓
522,電梯大樓
523,公寓
524,公寓
525,電梯大樓
526,公寓
527,公寓
528,電梯大樓
529,電梯大樓
530,電梯大樓
531,公寓
532,電梯大樓
533,電梯大樓
534,公寓
535,電梯大樓
536,電梯大樓
537,電梯大樓
538,電梯大樓
539,電梯大樓
540,電梯大樓
541,公寓
542,公寓
543,電梯大樓
544,電梯大樓
545,公寓
546,電梯大樓
547,電梯大樓
548,電梯大樓
549,公寓
550,電梯大樓
551,電梯大樓
552,電梯大樓
553,電梯大樓
554,電梯大樓
555,公寓
556,透天厝
557,公寓
558,公寓
559,公寓
560,公寓
561,透天厝
562,透天厝
563,公寓
564,透天厝
565,透天厝
566,電梯大樓
567,透天厝
568,公寓
569,公寓
570,電梯大樓
571,公寓
572,公寓
573,公寓
574,公寓
575,透天厝
576,公寓
577,公寓
578,透天厝
579,公寓
580,公寓
581,公寓
582,電梯大樓
583,公寓
584,電梯大樓
585,公寓
586,透天厝
587,電梯大樓
588,電梯大樓
589,透天厝
590,公寓
591,公寓
592,公寓
593,公寓
594,電梯大樓
595,電梯大樓
596,電梯大樓
597,電梯大樓
598,公寓
599,電梯大樓
600,透天厝
601,透天厝
602,透天厝
603,透天厝
604,公寓
605,公寓
606,透天厝
607,透天厝
608,公寓
609,公寓
610,電梯大樓
611,電梯大樓
612,公寓
613,公寓
614,電梯大樓
615,公寓
616,電梯大樓
617,電梯大樓
618,透天厝
619,電梯大樓
620,公寓
621,電梯大樓
622,公寓
623,電梯大樓
624,電梯大樓
625,電梯大樓
626,電梯大樓
627,電梯大樓
628,公寓
629,電梯大樓
630,電梯大樓
631,公寓
632,公寓
633,公寓
634,電梯大樓
635,電梯大樓
636,電梯大樓
637,電梯大樓
638,電梯大樓
639,電梯大樓
640,電梯大樓
641,透天厝
642,透天厝
643,公寓
644,公寓
645,電梯大樓
646,電梯大樓
647,公寓
648,公寓
649,電梯大樓
650,電梯大樓
651,電梯大樓
652,電梯大樓
653,公寓
654,公寓
655,公寓
656,公寓
657,公寓
658,公寓
659,電梯大樓
660,公寓
661,電梯大樓
662,公寓
663,公寓
664,公寓
665,公寓
666,公寓
667,電梯大樓
668,公寓
669,電梯大樓
670,透天厝
671,公寓
672,公寓
673,公寓
674,公寓
675,公寓
676,公寓
677,電梯大樓
678,公寓
679,公寓
680,電梯大樓
681,公寓
682,電梯大樓
683,公寓
684,最短租期一年
685,公寓
686,電梯大樓
687,電梯大樓
688,公寓
689,公寓
690,電梯大樓
691,公寓
692,公寓
693,透天厝
694,公寓
695,公寓
696,電梯大樓
697,公寓
698,公寓
699,公寓
700,公寓
701,公寓
702,透天厝
703,電梯大樓
704,公寓
705,電梯大樓
706,公寓
707,公寓
708,公寓
709,公寓
710,透天厝
711,公寓
712,公寓
713,公寓
714,透天厝
715,透天厝
716,公寓
717,公寓
718,電梯大樓
719,公寓
720,公寓
721,電梯大樓
722,電梯大樓
723,公寓
724,公寓
725,透天厝
726,公寓
727,電梯大樓
728,公寓
729,透天厝
730,公寓
731,公寓
732,公寓
733,透天厝
734,透天厝
735,公寓
736,公寓
737,別墅
738,公寓
739,公寓
740,透天厝
741,最短租期一年
742,公寓
743,公寓
744,公寓
745,公寓
746,公寓
747,公寓
748,公寓
749,公寓
750,別墅
751,透天厝
752,公寓
753,公寓
754,公寓
755,最短租期一年
756,公寓
757,公寓
758,最短租期一年
759,電梯大樓
760,透天厝
761,公寓
762,公寓
763,電梯大樓
764,公寓
765,公寓
766,電梯大樓
767,公寓
768,公寓
769,電梯大樓
770,公寓
771,公寓
772,公寓
773,公寓
774,公寓
775,最短租期一年
776,電梯大樓
777,公寓
778,公寓
779,公寓
780,別墅
781,公寓
782,公寓
783,公寓
784,公寓
785,公寓
786,最短租期三個月
787,公寓
788,公寓
789,公寓
790,公寓
791,公寓
792,公寓
793,公寓
794,電梯大樓
795,電梯大樓
796,電梯大樓
797,公寓
798,公寓
799,公寓
800,公寓
801,公寓
802,電梯大樓
803,電梯大樓
804,公寓
805,公寓
806,電梯大樓
807,電梯大樓
808,電梯大樓
809,公寓
810,電梯大樓
811,電梯大樓
812,電梯大樓
813,公寓
814,公寓
815,電梯大樓
816,電梯大樓
817,電梯大樓
818,公寓
819,公寓
820,電梯大樓
821,公寓
822,公寓
823,公寓
824,電梯大樓
825,公寓
826,公寓
827,電梯大樓
828,公寓
829,公寓
830,公寓
831,公寓
832,公寓
833,公寓
834,公寓
835,公寓
836,透天厝
837,電梯大樓
838,公寓
839,透天厝
840,公寓
841,公寓
842,公寓
843,公寓
844,公寓
845,電梯大樓
846,電梯大樓
847,公寓
848,公寓
849,公寓
850,公寓
851,公寓
852,電梯大樓
853,電梯大樓
854,電梯大樓
855,透天厝
856,公寓
857,透天厝
858,公寓
859,公寓
860,公寓
861,公寓
862,電梯大樓
863,電梯大樓
864,公寓
865,電梯大樓
866,公寓
867,公寓
868,公寓
869,公寓
870,透天厝
871,公寓
872,公寓
873,公寓
874,公寓
875,透天厝
876,公寓
877,電梯大樓
878,電梯大樓
879,電梯大樓
880,公寓
881,公寓
882,公寓
883,電梯大樓
884,公寓
885,電梯大樓
886,電梯大樓
887,公寓
888,公寓
889,電梯大樓
890,公寓
891,電梯大樓
892,電梯大樓
893,公寓
894,電梯大樓
895,公寓
896,電梯大樓
897,透天厝
898,透天厝
899,電梯大樓
900,電梯大樓
901,電梯大樓
902,電梯大樓
903,電梯大樓
904,電梯大樓
905,電梯大樓
906,公寓
907,透天厝
908,電梯大樓
909,公寓
910,電梯大樓
911,透天厝
912,公寓
913,公寓
914,透天厝
915,公寓
916,公寓
917,電梯大樓
918,電梯大樓
919,公寓
920,公寓
921,公寓
922,電梯大樓
923,電梯大樓
924,電梯大樓
925,透天厝
926,公寓
927,公寓
928,公寓
929,公寓
930,透天厝
931,公寓
932,公寓
933,公寓
934,電梯大樓
935,公寓
936,電梯大樓
937,電梯大樓
938,透天厝
939,電梯大樓
940,電梯大樓
941,電梯大樓
942,電梯大樓
943,公寓
944,電梯大樓
945,公寓
946,公寓
947,電梯大樓
948,電梯大樓
949,電梯大樓
950,公寓
951,電梯大樓
952,公寓
953,公寓
954,電梯大樓
955,公寓
956,公寓
957,公寓
958,別墅
959,透天厝
960,公寓
961,公寓
962,公寓
963,電梯大樓
964,公寓
965,公寓
966,公寓
967,別墅
968,透天厝
969,電梯大樓
970,電梯大樓
971,電梯大樓
972,電梯大樓
973,電梯大樓
974,電梯大樓
975,公寓
976,公寓
977,公寓
978,透天厝
979,公寓
980,公寓
981,公寓
982,電梯大樓
983,電梯大樓
984,電梯大樓
985,公寓
986,電梯大樓
987,公寓
988,公寓
989,公寓
990,電梯大樓
991,電梯大樓
992,公寓
993,公寓
994,電梯大樓
995,透天厝
996,電梯大樓
997,公寓
998,電梯大樓
999,公寓
1000,電梯大樓
1001,公寓
1002,公寓
1003,電梯大樓
1004,公寓
1005,電梯大樓
1006,公寓
1007,公寓
1008,電梯大樓
1009,公寓
1010,透天厝
1011,公寓
1012,透天厝
1013,公寓
1014,公寓
1015,公寓
1016,電梯大樓
1017,公寓
1018,公寓
1019,公寓
1020,公寓
1021,電梯大樓
1022,公寓
1023,公寓
1024,公寓
1025,公寓
1026,電梯大樓
1027,公寓
1028,透天厝
1029,電梯大樓
1030,公寓
1031,電梯大樓
1032,公寓
1033,公寓
1034,電梯大樓
1035,公寓
1036,公寓
1037,公寓
1038,公寓
1039,公寓
1040,公寓
1041,透天厝
1042,公寓
1043,公寓
1044,別墅
1045,公寓
1046,公寓
1047,公寓
1048,電梯大樓
1049,電梯大樓
1050,公寓
1051,電梯大樓
1052,公寓
1053,透天厝
1054,公寓
1055,公寓
1056,公寓
1057,公寓
1058,電梯大樓
1059,電梯大樓
1060,電梯大樓
1061,公寓
1062,公寓
1063,公寓
1064,公寓
1065,透天厝
1066,透天厝
1067,透天厝
1068,電梯大樓
1069,公寓
1070,公寓
1071,公寓
1072,公寓
1073,電梯大樓
1074,電梯大樓
1075,公寓
1076,電梯大樓
1077,公寓
1078,別墅
1079,住宅大樓
1080,電梯大樓
1081,公寓
1082,電梯大樓
1083,公寓
1084,透天厝
1085,公寓
1086,別墅
1087,透天厝
1088,電梯大樓
1089,電梯大樓
1090,電梯大樓
1091,電梯大樓
1092,電梯大樓
1093,電梯大樓
1094,公寓
1095,公寓
1096,公寓
1097,透天厝
1098,公寓
1099,公寓
1100,公寓
1101,電梯大樓
1102,電梯大樓
1103,電梯大樓
1104,公寓
1105,電梯大樓
1106,公寓
1107,公寓
1108,公寓
1109,電梯大樓
1110,電梯大樓
1111,公寓
1112,公寓
1113,電梯大樓
1114,公寓
1115,公寓
1116,公寓
1117,電梯大樓
1118,公寓
1119,公寓
1120,電梯大樓
1121,電梯大樓
1122,公寓
1123,電梯大樓
1124,電梯大樓
1125,公寓
1126,電梯大樓
1127,公寓
1128,電梯大樓
1129,公寓
1130,電梯大樓
1131,電梯大樓
1132,公寓
1133,公寓
1134,公寓
1135,電梯大樓
1136,別墅
1137,公寓
1138,電梯大樓
1139,電梯大樓
1140,電梯大樓
1141,公寓
1142,電梯大樓
1143,電梯大樓
1144,電梯大樓
1145,公寓
1146,公寓
1147,電梯大樓
1148,電梯大樓
1149,公寓
1150,電梯大樓
1151,公寓
1152,電梯大樓
1153,公寓
1154,公寓
1155,公寓
1156,公寓
1157,公寓
1158,電梯大樓
1159,電梯大樓
1160,電梯大樓
1161,公寓
1162,電梯大樓
1163,公寓
1164,公寓
1165,透天厝
1166,公寓
1167,公寓
1168,電梯大樓
1169,公寓
1170,公寓
1171,公寓
1172,電梯大樓
1173,電梯大樓
1174,電梯大樓
1175,公寓
1176,公寓
1177,公寓
1178,公寓
1179,透天厝
1180,透天厝
1181,透天厝
1182,電梯大樓
1183,公寓
1184,公寓
1185,公寓
1186,公寓
1187,電梯大樓
1188,電梯大樓
1189,公寓
1190,電梯大樓
1191,公寓
1192,電梯大樓
1193,電梯大樓
1194,公寓
1195,公寓
1196,公寓
1197,公寓
1198,公寓
1199,公寓
1200,公寓
1201,透天厝
1202,電梯大樓
1203,公寓
1204,公寓
1205,公寓
1206,公寓
1207,電梯大樓
1208,電梯大樓
1209,公寓
1210,電梯大樓
1211,公寓
1212,電梯大樓
1213,電梯大樓
1214,公寓
1215,公寓
1216,公寓
1217,公寓
1218,公寓
1219,公寓
1220,公寓
1221,公寓
1222,公寓
1223,公寓
1224,電梯大樓
1225,公寓
1226,公寓
1227,電梯大樓
1228,電梯大樓
1229,公寓
1230,透天厝
1231,透天厝
1232,電梯大樓
1233,電梯大樓
1234,電梯大樓
1235,公寓
1236,電梯大樓
1237,公寓
1238,電梯大樓
1239,電梯大樓
1240,公寓
1241,透天厝
1242,電梯大樓
1243,公寓
1244,電梯大樓
1245,電梯大樓
1246,電梯大樓
1247,公寓
1248,電梯大樓
1249,電梯大樓
1250,公寓
1251,電梯大樓
1252,公寓
1253,電梯大樓
1254,公寓
1255,公寓
1256,電梯大樓
1257,電梯大樓
1258,公寓
1259,電梯大樓
1260,電梯大樓
1261,電梯大樓
1262,電梯大樓
1263,電梯大樓
1264,電梯大樓
1265,電梯大樓
1266,公寓
1267,電梯大樓
1268,公寓
1269,公寓
1270,電梯大樓
1271,電梯大樓
1272,公寓
1273,電梯大樓
1274,公寓
1275,公寓
1276,電梯大樓
1277,電梯大樓
1278,電梯大樓
1279,公寓
1280,公寓
1281,公寓
1282,電梯大樓
1283,電梯大樓
1284,電梯大樓
1285,電梯大樓
1286,公寓
1287,電梯大樓
1288,公寓
1289,透天厝
1290,透天厝
1291,公寓
1292,電梯大樓
1293,電梯大樓
1294,公寓
1295,電梯大樓
1296,透天厝
1297,透天厝
1298,透天厝
1299,電梯大樓
1300,電梯大樓
1301,電梯大樓
1302,電梯大樓
1303,電梯大樓
1304,公寓
1305,公寓
1306,公寓
1307,公寓
1308,電梯大樓
1309,電梯大樓
1310,電梯大樓
1311,公寓
1312,電梯大樓
1313,電梯大樓
1314,電梯大樓
1315,電梯大樓
1316,公寓
1317,公寓
1318,公寓
1319,電梯大樓
1320,電梯大樓
1321,公寓
1322,公寓
1323,公寓
1324,電梯大樓
1325,電梯大樓
1326,電梯大樓
1327,電梯大樓
1328,透天厝
1329,公寓
1330,電梯大樓
1331,電梯大樓
1332,電梯大樓
1333,電梯大樓
1334,透天厝
1335,電梯大樓
1336,電梯大樓
1337,透天厝
1338,電梯大樓
1339,電梯大樓
1340,電梯大樓
1341,公寓
1342,電梯大樓
1343,公寓
1344,電梯大樓
1345,電梯大樓
1346,電梯大樓
1347,公寓
1348,電梯大樓
1349,電梯大樓
1350,公寓
1351,公寓
1352,電梯大樓
1353,透天厝
1354,公寓
1355,公寓
1356,公寓
1357,透天厝
1358,公寓
1359,公寓
1360,公寓
1361,公寓
1362,電梯大樓
1363,電梯大樓
1364,電梯大樓
1365,電梯大樓
1366,透天厝
1367,公寓
1368,電梯大樓
1369,電梯大樓
1370,電梯大樓
1371,電梯大樓
1372,透天厝
1373,電梯大樓
1374,電梯大樓
1375,透天厝
1376,電梯大樓
1377,電梯大樓
1378,電梯大樓
1379,公寓
1380,電梯大樓
1381,公寓
1382,電梯大樓
1383,電梯大樓
1384,電梯大樓
1385,公寓
1386,電梯大樓
1387,電梯大樓
1388,電梯大樓
1389,電梯大樓
1390,公寓
1391,電梯大樓
1392,電梯大樓
1393,透天厝
1394,公寓
1395,透天厝
1396,電梯大樓
1397,公寓
1398,公寓
1399,公寓
1400,電梯大樓
1401,電梯大樓
1402,電梯大樓
1403,公寓
1404,公寓
1405,公寓
1406,電梯大樓
1407,公寓
1408,公寓
1409,公寓
1410,電梯大樓
1411,公寓
1412,公寓
1413,電梯大樓
1414,電梯大樓
1415,公寓
1416,電梯大樓
1417,透天厝
1418,透天厝
1419,透天厝
1420,電梯大樓
1421,電梯大樓
1422,電梯大樓
1423,電梯大樓
1424,電梯大樓
1425,公寓
1426,公寓
1427,公寓
1428,公寓
1429,電梯大樓
1430,電梯大樓
1431,電梯大樓
1432,公寓
1433,電梯大樓
1434,透天厝
1435,電梯大樓
1436,電梯大樓
1437,電梯大樓
1438,公寓
1439,電梯大樓
1440,電梯大樓
1441,公寓
1442,公寓
1443,公寓
1444,公寓
1445,公寓
1446,公寓
1447,公寓
1448,電梯大樓
1449,公寓
1450,公寓
1451,公寓
1452,公寓
1453,公寓
1454,公寓
1455,電梯大樓
1456,公寓
1457,電梯大樓
1458,透天厝
1459,公寓
1460,電梯大樓
1461,公寓
1462,公寓
1463,公寓
1464,電梯大樓
1465,公寓
1466,公寓
1467,公寓
1468,電梯大樓
1469,電梯大樓
1470,電梯大樓
1471,電梯大樓
1472,電梯大樓
1473,電梯大樓
1474,電梯大樓
1475,公寓
1476,電梯大樓
1477,電梯大樓
1478,公寓
1479,電梯大樓
1480,公寓
1481,電梯大樓
1482,電梯大樓
1483,公寓
1484,公寓
1485,公寓
1486,公寓
1487,透天厝
1488,電梯大樓
1489,電梯大樓
1490,公寓
1491,電梯大樓
1492,電梯大樓
1493,公寓
1494,公寓
1495,最短租期一年
1496,公寓
1497,公寓
1498,電梯大樓
1499,最短租期一年
1500,電梯大樓
1501,透天厝
1502,電梯大樓
1503,電梯大樓
1504,電梯大樓
1505,電梯大樓
1506,公寓
1507,透天厝
1508,公寓
1509,公寓
1510,公寓
1511,公寓
1512,公寓
1513,公寓
1514,公寓
1515,公寓
1516,透天厝
1517,公寓
1518,電梯大樓
1519,透天厝
1520,公寓
1521,公寓
1522,公寓
1523,電梯大樓
1524,最短租期三個月
1525,最短租期半年
1526,最短租期一年
1527,最短租期半年
1528,電梯大樓
1529,透天厝
1530,電梯大樓
1531,公寓
1532,公寓
1533,公寓
1534,公寓
1535,公寓
1536,公寓
1537,公寓
1538,透天厝
1539,透天厝
1540,電梯大樓
1541,電梯大樓
1542,公寓
1543,電梯大樓
1544,電梯大樓
1545,電梯大樓
1546,公寓
1547,公寓
1548,公寓
1549,電梯大樓
1550,公寓
1551,公寓
1552,電梯大樓
1553,公寓
1554,公寓
1555,最短租期一年
1556,公寓
1557,公寓
1558,公寓
1559,電梯大樓
1560,電梯大樓
1561,公寓
1562,電梯大樓
1563,電梯大樓
1564,公寓
1565,電梯大樓
1566,電梯大樓
1567,公寓
1568,公寓
1569,公寓
1570,電梯大樓
1571,電梯大樓
1572,透天厝
1573,公寓
1574,透天厝
1575,公寓
1576,公寓
1577,公寓
1578,公寓
1579,最短租期一年
1580,電梯大樓
1581,公寓
1582,公寓
1583,透天厝
1584,公寓
1585,電梯大樓
1586,電梯大樓
1587,公寓
1588,電梯大樓
1589,公寓
1590,電梯大樓
1591,電梯大樓
1592,公寓
1593,公寓
1594,公寓
1595,電梯大樓
1596,電梯大樓
1597,公寓
1598,公寓
1599,公寓
1600,透天厝
1601,電梯大樓
1602,公寓
1603,公寓
1604,電梯大樓
1605,電梯大樓
1606,電梯大樓
1607,電梯大樓
1608,電梯大樓
1609,公寓
1610,電梯大樓
1611,電梯大樓
1612,公寓
1613,公寓
1614,電梯大樓
1615,公寓
1616,公寓
1617,公寓
1618,公寓
1619,公寓
1620,最短租期一年
1621,公寓
1622,電梯大樓
1623,公寓
1624,公寓
1625,公寓
1626,公寓
1627,公寓
1628,公寓
1629,電梯大樓
1630,公寓
1631,電梯大樓
1632,透天厝
1633,公寓
1634,電梯大樓
1635,公寓
1636,公寓
1637,公寓
1638,電梯大樓
1639,公寓
1640,公寓
1641,公寓
1642,電梯大樓
1643,電梯大樓
1644,公寓
1645,電梯大樓
1646,電梯大樓
1647,公寓
1648,公寓
1649,電梯大樓
1650,公寓
1651,公寓
1652,公寓
1653,電梯大樓
1654,電梯大樓
1655,公寓
1656,公寓
1657,公寓
1658,公寓
1659,公寓
1660,公寓
1661,公寓
1662,透天厝
1663,透天厝
1664,電梯大樓
1665,電梯大樓
1666,公寓
1667,電梯大樓
1668,電梯大樓
1669,電梯大樓
1670,公寓
1671,公寓
1672,公寓
1673,電梯大樓
1674,公寓
1675,公寓
1676,電梯大樓
1677,公寓
1678,公寓
1679,最短租期一年
1680,公寓
1681,電梯大樓
1682,公寓
1683,公寓
1684,電梯大樓
1685,電梯大樓
1686,公寓
1687,公寓
1688,電梯大樓
1689,公寓
1690,透天厝
1691,公寓
1692,公寓
1693,公寓
1694,公寓
1695,公寓
1696,公寓
1697,公寓
1698,公寓
1699,最短租期一年
1700,電梯大樓
1701,公寓
1702,公寓
1703,公寓
1704,電梯大樓
1705,電梯大樓
1706,公寓
1707,公寓
1708,公寓
1709,電梯大樓
1710,公寓
1711,電梯大樓
1712,電梯大樓
1713,公寓
1714,電梯大樓
1715,電梯大樓
1716,透天厝
1717,最短租期一年
1718,最短租期三個月
1719,公寓
1720,公寓
1721,公寓
1722,電梯大樓
1723,透天厝
1724,公寓
1725,電梯大樓
1726,公寓
1727,公寓
1728,公寓
1729,公寓
1730,公寓
1731,公寓
1732,公寓
1733,透天厝
1734,公寓
1735,透天厝
1736,透天厝
1737,公寓
1738,透天厝
1739,公寓
1740,電梯大樓
1741,電梯大樓
1742,公寓
1743,公寓
1744,電梯大樓
1745,透天厝
1746,電梯大樓
1747,電梯大樓
1748,公寓
1749,公寓
1750,透天厝
1751,公寓
1752,公寓
1753,電梯大樓
1754,公寓
1755,公寓
1756,公寓
1757,透天厝
1758,公寓
1759,公寓
1760,公寓
1761,公寓
1762,電梯大樓
1763,公寓
1764,公寓
1765,公寓
1766,公寓
1767,電梯大樓
1768,公寓
1769,最短租期一年
1770,公寓
1771,電梯大樓
1772,公寓
1773,公寓
1774,電梯大樓
1775,公寓
1776,公寓
1777,公寓
1778,公寓
1779,電梯大樓
1780,公寓
1781,公寓
1782,公寓
1783,公寓
1784,公寓
1785,電梯大樓
1786,公寓
1787,公寓
1788,公寓
1789,公寓
1790,公寓
1791,公寓
1792,電梯大樓
1793,電梯大樓
1794,公寓
1795,公寓
1796,公寓
1797,電梯大樓
1798,公寓
1799,公寓
1800,電梯大樓
1801,公寓
1802,公寓
1803,電梯大樓
1804,電梯大樓
1805,透天厝
1806,公寓
1807,透天厝
1808,公寓
1809,公寓
1810,透天厝
1811,公寓
1812,電梯大樓
1813,電梯大樓
1814,公寓
1815,公寓
1816,公寓
1817,公寓
1818,電梯大樓
1819,公寓
1820,公寓
1821,公寓
1822,公寓
1823,透天厝
1824,電梯大樓
1825,透天厝
1826,公寓
1827,電梯大樓
1828,公寓
1829,公寓
1830,電梯大樓
1831,公寓
1832,透天厝
1833,公寓
1834,透天厝
1835,公寓
1836,公寓
1837,最短租期一年
1838,最短租期一年
1839,透天厝
1840,最短租期三個月
1841,最短租期一年
1842,公寓
1843,電梯大樓
1844,電梯大樓
1845,最短租期一年
1846,電梯大樓
1847,公寓
1848,公寓
1849,公寓
1850,公寓
1851,電梯大樓
1852,電梯大樓
1853,公寓
1854,公寓
1855,公寓
1856,公寓
1857,公寓
1858,公寓
1859,電梯大樓
1860,透天厝
1861,公寓
1862,電梯大樓
1863,電梯大樓
1864,公寓
1865,公寓
1866,電梯大樓
1867,電梯大樓
1868,透天厝
1869,公寓
1870,透天厝
1871,公寓
1872,公寓
1873,透天厝
1874,公寓
1875,電梯大樓
1876,電梯大樓
1877,公寓
1878,公寓
1879,公寓
1880,公寓
1881,電梯大樓
1882,公寓
1883,公寓
1884,公寓
1885,公寓
1886,透天厝
1887,電梯大樓
1888,透天厝
1889,公寓
1890,公寓
1891,公寓
1892,公寓
1893,公寓
1894,公寓
1895,公寓
1896,公寓
1897,公寓
1898,電梯大樓
1899,透天厝
1900,電梯大樓
1901,電梯大樓
1902,公寓
1903,公寓
1904,透天厝
1905,公寓
1906,公寓
1907,電梯大樓
1908,公寓
1909,公寓
1910,公寓
1911,透天厝
1912,公寓
1913,公寓
1914,公寓
1915,公寓
1916,電梯大樓
1917,公寓
1918,公寓
1919,公寓
1920,電梯大樓
1921,公寓
1922,公寓
1923,公寓
1924,公寓
1925,公寓
1926,公寓
1927,公寓
1928,公寓
1929,公寓
1930,公寓
1931,公寓
1932,公寓
1933,公寓
1934,公寓
1935,公寓
1936,公寓
1937,公寓
1938,公寓
1939,公寓
1940,電梯大樓
1941,公寓
1942,公寓
1943,公寓
1944,公寓
1945,公寓
1946,公寓
1947,電梯大樓
1948,電梯大樓
1949,公寓
1950,透天厝
1951,透天厝
1952,公寓
1953,公寓
1954,住宅大樓
1955,最短租期一年
1956,公寓
1957,公寓
1958,電梯大樓
1959,公寓
1960,公寓
1961,透天厝
1962,公寓
1963,公寓
1964,公寓
1965,別墅
1966,電梯大樓
1967,公寓
1968,電梯大樓
1969,公寓
1970,公寓
1971,公寓
1972,公寓
1973,公寓
1974,公寓
1975,電梯大樓
1976,公寓
1977,公寓
1978,公寓
1979,電梯大樓
1980,電梯大樓
1981,電梯大樓
1982,電梯大樓
1983,公寓
1984,透天厝
1985,透天厝
1986,透天厝
1987,公寓
1988,公寓
1989,公寓
1990,公寓
1991,電梯大樓
1992,公寓
1993,公寓
1994,公寓
1995,公寓
1996,公寓
1997,透天厝
1998,最短租期1月
1999,公寓
2000,電梯大樓
2001,公寓
2002,電梯大樓
2003,公寓
2004,公寓
2005,最短租期一年
2006,公寓
2007,透天厝
2008,透天厝
2009,別墅
2010,公寓
2011,電梯大樓
2012,公寓
2013,公寓
2014,電梯大樓
2015,公寓
2016,電梯大樓
2017,公寓
2018,電梯大樓
2019,公寓
2020,電梯大樓
2021,公寓
2022,公寓
2023,電梯大樓
2024,公寓
2025,公寓
2026,公寓
2027,公寓
2028,電梯大樓
2029,公寓
2030,公寓
2031,公寓
2032,電梯大樓
2033,別墅
2034,公寓
2035,電梯大樓
2036,電梯大樓
2037,公寓
2038,公寓
2039,透天厝
2040,公寓
2041,最短租期30天
2042,公寓
2043,公寓
2044,電梯大樓
2045,別墅
2046,公寓
2047,公寓
2048,公寓
2049,公寓
2050,公寓
2051,公寓
2052,電梯大樓
2053,電梯大樓
2054,公寓
2055,電梯大樓
2056,公寓
2057,電梯大樓
2058,透天厝
2059,公寓
2060,最短租期一年
2061,公寓
2062,公寓
2063,電梯大樓
2064,公寓
2065,公寓
2066,電梯大樓
2067,公寓
2068,電梯大樓
2069,電梯大樓
2070,電梯大樓
2071,公寓
2072,電梯大樓
2073,公寓
2074,透天厝
2075,公寓
2076,公寓
2077,電梯大樓
2078,電梯大樓
2079,公寓
2080,公寓
2081,公寓
2082,公寓
2083,公寓
2084,透天厝
2085,電梯大樓
2086,電梯大樓
2087,公寓
2088,公寓
2089,公寓
2090,電梯大樓
2091,電梯大樓
2092,電梯大樓
2093,公寓
2094,電梯大樓
2095,公寓
2096,公寓
2097,公寓
2098,公寓
2099,公寓
2100,公寓
2101,公寓
2102,電梯大樓
2103,電梯大樓
2104,公寓
2105,電梯大樓
2106,公寓
2107,電梯大樓
2108,電梯大樓
2109,公寓
2110,公寓
2111,透天厝
2112,公寓
2113,公寓
2114,電梯大樓
2115,公寓
2116,公寓
2117,公寓
2118,電梯大樓
2119,公寓
2120,電梯大樓
2121,電梯大樓
2122,公寓
2123,電梯大樓
2124,電梯大樓
2125,電梯大樓
2126,公寓
2127,透天厝
2128,公寓
2129,公寓
2130,公寓
2131,電梯大樓
2132,透天厝
2133,公寓
2134,透天厝
2135,公寓
2136,透天厝
2137,電梯大樓
2138,電梯大樓
2139,公寓
2140,透天厝
2141,電梯大樓
2142,公寓
2143,公寓
2144,公寓
2145,公寓
2146,電梯大樓
2147,透天厝
2148,公寓
2149,電梯大樓
2150,公寓
2151,透天厝
2152,電梯大樓
2153,公寓
2154,電梯大樓
2155,公寓
2156,電梯大樓
2157,公寓
2158,電梯大樓
2159,電梯大樓
2160,公寓
2161,公寓
2162,電梯大樓
2163,公寓
2164,公寓
2165,電梯大樓
2166,透天厝
2167,公寓
2168,別墅
2169,公寓
2170,公寓
2171,公寓
2172,電梯大樓
2173,公寓
2174,電梯大樓
2175,公寓
2176,電梯大樓
2177,電梯大樓
2178,電梯大樓
2179,電梯大樓
2180,公寓
2181,公寓
2182,公寓
2183,透天厝
2184,公寓
2185,公寓
2186,公寓
2187,公寓
2188,公寓
2189,公寓
2190,電梯大樓
2191,公寓
2192,公寓
2193,公寓
2194,公寓
2195,公寓
2196,公寓
2197,電梯大樓
2198,電梯大樓
2199,透天厝
2200,電梯大樓
2201,公寓
2202,公寓
2203,公寓
2204,公寓
2205,電梯大樓
2206,公寓
2207,公寓
2208,公寓
2209,公寓
2210,公寓
2211,公寓
2212,公寓
2213,電梯大樓
2214,電梯大樓
2215,電梯大樓
2216,公寓
2217,電梯大樓
2218,電梯大樓
2219,公寓
2220,公寓
2221,電梯大樓
2222,公寓
2223,電梯大樓
2224,公寓
2225,公寓
2226,電梯大樓
2227,電梯大樓
2228,公寓
2229,公寓
2230,透天厝
2231,透天厝
2232,電梯大樓
2233,公寓
2234,電梯大樓
2235,公寓
2236,公寓
2237,電梯大樓
2238,透天厝
2239,電梯大樓
2240,公寓
2241,公寓
2242,電梯大樓
2243,公寓
2244,公寓
2245,電梯大樓
2246,公寓
2247,電梯大樓
2248,公寓
2249,公寓
2250,公寓
2251,電梯大樓
2252,電梯大樓
2253,公寓
2254,透天厝
2255,電梯大樓
2256,公寓
2257,最短租期一年
2258,公寓
2259,最短租期三個月
2260,最短租期三個月
2261,最短租期三個月
2262,最短租期三個月
2263,最短租期三個月
2264,最短租期3月
2265,最短租期三個月
2266,最短租期三個月
2267,公寓
2268,公寓
2269,公寓
2270,電梯大樓
2271,公寓
2272,電梯大樓
2273,電梯大樓
2274,公寓
2275,公寓
2276,公寓
2277,公寓
2278,公寓
2279,公寓
2280,公寓
2281,公寓
2282,電梯大樓
2283,公寓
2284,透天厝
2285,電梯大樓
2286,公寓
2287,最短租期三個月
2288,公寓
2289,公寓
2290,公寓
2291,公寓
2292,透天厝
2293,公寓
2294,電梯大樓
2295,公寓
2296,公寓
2297,電梯大樓
2298,電梯大樓
2299,公寓
2300,公寓
2301,公寓
2302,電梯大樓
2303,電梯大樓
2304,電梯大樓
2305,公寓
2306,公寓
2307,公寓
2308,最短租期半年
2309,公寓
2310,公寓
2311,電梯大樓
2312,電梯大樓
2313,公寓
2314,電梯大樓
2315,電梯大樓
2316,電梯大樓
2317,公寓
2318,電梯大樓
2319,公寓
2320,公寓
2321,電梯大樓
2322,公寓
2323,公寓
2324,公寓
2325,透天厝
2326,公寓
2327,公寓
2328,公寓
2329,電梯大樓
2330,公寓
2331,公寓
2332,公寓
2333,公寓
2334,公寓
2335,公寓
2336,公寓
2337,公寓
2338,公寓
2339,公寓
2340,公寓
2341,公寓
2342,電梯大樓
2343,電梯大樓
2344,電梯大樓
2345,公寓
2346,公寓
2347,電梯大樓
2348,公寓
2349,公寓
2350,公寓
2351,公寓
2352,公寓
2353,電梯大樓
2354,電梯大樓
2355,電梯大樓
2356,公寓
2357,公寓
2358,最短租期一年
2359,公寓
2360,公寓
2361,電梯大樓
2362,公寓
2363,最短租期一年
2364,公寓
2365,電梯大樓
2366,電梯大樓
2367,公寓
2368,電梯大樓
2369,電梯大樓
2370,電梯大樓
2371,最短租期一年
2372,透天厝
2373,公寓
2374,公寓
2375,電梯大樓
2376,電梯大樓
2377,公寓
2378,最短租期一年
2379,電梯大樓
2380,電梯大樓
2381,電梯大樓
2382,電梯大樓
2383,電梯大樓
2384,電梯大樓
2385,電梯大樓
2386,電梯大樓
2387,電梯大樓
2388,電梯大樓
2389,電梯大樓
2390,最短租期三個月
2391,電梯大樓
2392,公寓
2393,電梯大樓
2394,電梯大樓
2395,公寓
2396,公寓
2397,公寓
2398,公寓
2399,公寓
2400,電梯大樓
2401,最短租期一年
2402,公寓
2403,公寓
2404,電梯大樓
2405,電梯大樓
2406,公寓
2407,公寓
2408,公寓
2409,電梯大樓
2410,電梯大樓
2411,電梯大樓
2412,電梯大樓
2413,電梯大樓
2414,公寓
2415,電梯大樓
2416,電梯大樓
2417,公寓
2418,電梯大樓
2419,電梯大樓
2420,電梯大樓
2421,電梯大樓
2422,電梯大樓
2423,電梯大樓
2424,電梯大樓
2425,電梯大樓
2426,電梯大樓
2427,最短租期一年
2428,電梯大樓
2429,公寓
2430,透天厝
2431,電梯大樓
2432,電梯大樓
2433,公寓
2434,公寓
2435,電梯大樓
2436,電梯大樓
2437,公寓
2438,公寓
2439,電梯大樓
2440,電梯大樓
2441,公寓
2442,電梯大樓
2443,電梯大樓
2444,電梯大樓
2445,電梯大樓
2446,電梯大樓
2447,公寓
2448,公寓
2449,電梯大樓
2450,透天厝
2451,公寓
2452,公寓
2453,公寓
2454,公寓
2455,電梯大樓
2456,電梯大樓
2457,電梯大樓
2458,公寓
2459,公寓
2460,透天厝
2461,公寓
2462,公寓
2463,公寓
2464,公寓
2465,公寓
2466,公寓
2467,電梯大樓
2468,電梯大樓
2469,電梯大樓
2470,公寓
2471,電梯大樓
2472,電梯大樓
2473,公寓
2474,公寓
2475,公寓
2476,公寓
2477,公寓
2478,公寓
2479,電梯大樓
2480,公寓
2481,電梯大樓
2482,公寓
2483,電梯大樓
2484,電梯大樓
2485,透天厝
2486,電梯大樓
2487,公寓
2488,公寓
2489,公寓
2490,電梯大樓
2491,電梯大樓
2492,公寓
2493,公寓
2494,公寓
2495,公寓
2496,公寓
2497,公寓
2498,公寓
2499,公寓
2500,電梯大樓
2501,電梯大樓
2502,公寓
2503,公寓
2504,電梯大樓
2505,電梯大樓
2506,電梯大樓
2507,公寓
2508,公寓
2509,電梯大樓
2510,公寓
2511,公寓
2512,公寓
2513,公寓
2514,電梯大樓
2515,電梯大樓
2516,公寓
2517,透天厝
2518,公寓
2519,公寓
2520,公寓
2521,電梯大樓
2522,公寓
2523,公寓
2524,公寓
2525,公寓
2526,公寓
2527,公寓
2528,公寓
2529,電梯大樓
2530,公寓
2531,電梯大樓
2532,公寓
2533,電梯大樓
2534,公寓
2535,公寓
2536,公寓
2537,公寓
2538,公寓
2539,公寓
2540,公寓
2541,公寓
2542,公寓
2543,公寓
2544,公寓
2545,公寓
2546,電梯大樓
2547,公寓
2548,公寓
2549,電梯大樓
2550,電梯大樓
2551,公寓
2552,電梯大樓
2553,公寓
2554,公寓
2555,公寓
2556,電梯大樓
2557,電梯大樓
2558,公寓
2559,電梯大樓
2560,透天厝
2561,透天厝
2562,透天厝
2563,電梯大樓
2564,透天厝
2565,公寓
2566,公寓
2567,電梯大樓
2568,電梯大樓
2569,公寓
2570,公寓
2571,透天厝
2572,公寓
2573,公寓
2574,電梯大樓
2575,電梯大樓
2576,電梯大樓
2577,電梯大樓
2578,公寓
2579,電梯大樓
2580,公寓
2581,公寓
2582,公寓
2583,電梯大樓
2584,電梯大樓
2585,公寓
2586,公寓
2587,公寓
2588,公寓
2589,公寓
2590,電梯大樓
2591,公寓
2592,電梯大樓
2593,電梯大樓
2594,公寓
2595,電梯大樓
2596,公寓
2597,電梯大樓
2598,電梯大樓
2599,公寓
2600,公寓
2601,公寓
2602,公寓
2603,電梯大樓
2604,電梯大樓
2605,公寓
2606,公寓
2607,電梯大樓
2608,公寓
2609,電梯大樓
2610,公寓
2611,公寓
2612,公寓
2613,透天厝
2614,公寓
2615,公寓
2616,公寓
2617,公寓
2618,公寓
2619,公寓
2620,電梯大樓
2621,公寓
2622,電梯大樓
2623,電梯大樓
2624,電梯大樓
2625,公寓
2626,電梯大樓
2627,電梯大樓
2628,電梯大樓
2629,電梯大樓
2630,公寓
2631,公寓
2632,電梯大樓
2633,公寓
2634,電梯大樓
2635,透天厝
2636,公寓
2637,別墅
2638,公寓
2639,電梯大樓
2640,電梯大樓
2641,公寓
2642,電梯大樓
2643,電梯大樓
2644,電梯大樓
2645,公寓
2646,公寓
2647,公寓
2648,公寓
2649,電梯大樓
2650,公寓
2651,透天厝
2652,公寓
2653,公寓
2654,電梯大樓
2655,公寓
2656,電梯大樓
2657,電梯大樓
2658,電梯大樓
2659,公寓
2660,公寓
2661,電梯大樓
2662,電梯大樓
2663,公寓
2664,公寓
2665,公寓
2666,公寓
2667,公寓
2668,公寓
2669,公寓
2670,電梯大樓
2671,公寓
2672,電梯大樓
2673,電梯大樓
2674,公寓
2675,公寓
2676,公寓
2677,公寓
2678,公寓
2679,公寓
2680,公寓
2681,電梯大樓
2682,公寓
2683,公寓
2684,公寓
2685,電梯大樓
2686,公寓
2687,公寓
2688,透天厝
2689,公寓
2690,公寓
2691,公寓
2692,公寓
2693,公寓
2694,公寓
2695,公寓
2696,公寓
2697,公寓
2698,電梯大樓
2699,公寓
2700,公寓
2701,公寓
2702,公寓
2703,電梯大樓
2704,電梯大樓
2705,透天厝
2706,公寓
2707,公寓
2708,電梯大樓
2709,電梯大樓
2710,公寓
2711,公寓
2712,公寓
2713,公寓
2714,最短租期三個月
2715,公寓
2716,電梯大樓
2717,電梯大樓
2718,電梯大樓
2719,公寓
2720,電梯大樓
2721,公寓
2722,電梯大樓
2723,電梯大樓
2724,公寓
2725,電梯大樓
2726,公寓
2727,電梯大樓
2728,公寓
2729,公寓
2730,公寓
2731,公寓
2732,電梯大樓
2733,公寓
2734,公寓
2735,公寓
2736,公寓
2737,公寓
2738,電梯大樓
2739,透天厝
2740,公寓
2741,公寓
2742,電梯大樓
2743,電梯大樓
2744,電梯大樓
2745,透天厝
2746,電梯大樓
2747,電梯大樓
2748,公寓
2749,公寓
2750,電梯大樓
2751,電梯大樓
2752,公寓
2753,電梯大樓
2754,公寓
2755,公寓
2756,電梯大樓
2757,公寓
2758,公寓
2759,透天厝
2760,公寓
2761,電梯大樓
2762,電梯大樓
2763,電梯大樓
2764,電梯大樓
2765,公寓
2766,公寓
2767,公寓
2768,電梯大樓
2769,公寓
2770,公寓
2771,公寓
2772,電梯大樓
2773,電梯大樓
2774,電梯大樓
2775,電梯大樓
2776,公寓
2777,公寓
2778,公寓
2779,公寓
2780,公寓
2781,公寓
2782,公寓
2783,電梯大樓
2784,公寓
2785,公寓
2786,公寓
2787,公寓
2788,公寓
2789,電梯大樓
2790,透天厝
2791,電梯大樓
2792,公寓
2793,電梯大樓
2794,公寓
2795,電梯大樓
2796,電梯大樓
2797,公寓
2798,公寓
2799,公寓
2800,電梯大樓
2801,公寓
2802,公寓
2803,公寓
2804,公寓
2805,電梯大樓
2806,公寓
2807,電梯大樓
2808,電梯大樓
2809,電梯大樓
2810,公寓
2811,公寓
2812,最短租期一年
2813,電梯大樓
2814,公寓
2815,公寓
2816,電梯大樓
2817,公寓
2818,公寓
2819,最短租期一年
2820,電梯大樓
2821,電梯大樓
2822,透天厝
2823,公寓
2824,公寓
2825,電梯大樓
2826,公寓
2827,公寓
2828,電梯大樓
2829,電梯大樓
2830,透天厝
2831,透天厝
2832,電梯大樓
2833,電梯大樓
2834,電梯大樓
2835,透天厝
2836,公寓
2837,電梯大樓
2838,電梯大樓
2839,公寓
2840,公寓
2841,公寓
2842,公寓
2843,公寓
2844,電梯大樓
2845,公寓
2846,電梯大樓
2847,公寓
2848,電梯大樓
2849,公寓
2850,公寓
2851,公寓
2852,公寓
2853,透天厝
2854,公寓
2855,電梯大樓
2856,電梯大樓
2857,公寓
2858,電梯大樓
2859,公寓
2860,公寓
2861,電梯大樓
2862,電梯大樓
2863,公寓
2864,公寓
2865,公寓
2866,公寓
2867,公寓
2868,公寓
2869,透天厝
2870,電梯大樓
2871,公寓
2872,電梯大樓
2873,電梯大樓
2874,電梯大樓
2875,電梯大樓
2876,透天厝
2877,公寓
2878,公寓
2879,公寓
2880,公寓
2881,電梯大樓
2882,透天厝
2883,透天厝
2884,透天厝
2885,公寓
2886,公寓
2887,公寓
2888,公寓
2889,公寓
2890,電梯大樓
2891,電梯大樓
2892,電梯大樓
2893,電梯大樓
2894,公寓
2895,公寓
2896,電梯大樓
2897,公寓
2898,公寓
2899,電梯大樓
2900,公寓
2901,電梯大樓
2902,電梯大樓
2903,電梯大樓
2904,電梯大樓
2905,電梯大樓
2906,電梯大樓
2907,公寓
2908,公寓
2909,公寓
2910,透天厝
2911,公寓
2912,電梯大樓
2913,公寓
2914,電梯大樓
2915,公寓
2916,公寓
2917,電梯大樓
2918,透天厝
2919,電梯大樓
2920,電梯大樓
2921,電梯大樓
2922,電梯大樓
2923,電梯大樓
2924,公寓
2925,透天厝
2926,公寓
2927,公寓
2928,電梯大樓
2929,電梯大樓
2930,公寓
2931,電梯大樓
2932,公寓
2933,公寓
2934,電梯大樓
2935,電梯大樓
2936,電梯大樓
2937,電梯大樓
2938,最短租期三個月
2939,最短租期三個月
2940,電梯大樓
2941,最短租期三個月
2942,最短租期三個月
2943,公寓
2944,電梯大樓
2945,電梯大樓
2946,透天厝
2947,電梯大樓
2948,公寓
2949,電梯大樓
2950,公寓
2951,公寓
2952,電梯大樓
2953,電梯大樓
2954,電梯大樓
2955,電梯大樓
2956,最短租期三個月
2957,公寓
2958,透天厝
2959,公寓
2960,公寓
2961,公寓
2962,公寓
2963,公寓
2964,公寓
2965,公寓
2966,公寓
2967,電梯大樓
2968,電梯大樓
2969,電梯大樓
2970,電梯大樓
2971,透天厝
2972,公寓
2973,公寓
2974,電梯大樓
2975,電梯大樓
2976,公寓
2977,公寓
2978,公寓
2979,公寓
2980,公寓
2981,透天厝
2982,公寓
2983,電梯大樓
2984,電梯大樓
2985,公寓
2986,公寓
2987,電梯大樓
2988,透天厝
2989,公寓
2990,電梯大樓
2991,公寓
2992,透天厝
2993,公寓
2994,公寓
2995,公寓
2996,電梯大樓
2997,電梯大樓
2998,電梯大樓
2999,電梯大樓
3000,公寓
3001,電梯大樓
3002,公寓
3003,公寓
3004,電梯大樓
3005,透天厝
3006,電梯大樓
3007,電梯大樓
3008,透天厝
3009,電梯大樓
3010,公寓
3011,公寓
3012,電梯大樓
3013,透天厝
3014,公寓
3015,公寓
3016,電梯大樓
3017,公寓
3018,電梯大樓
3019,公寓
3020,透天厝
3021,公寓
3022,公寓
3023,電梯大樓
3024,公寓
3025,公寓
3026,公寓
3027,公寓
3028,電梯大樓
3029,公寓
3030,公寓
3031,公寓
3032,公寓
3033,公寓
3034,電梯大樓
3035,電梯大樓
3036,最短租期一年
3037,電梯大樓
3038,電梯大樓
3039,公寓
3040,公寓
3041,公寓
3042,公寓
3043,公寓
3044,透天厝
3045,電梯大樓
3046,公寓
3047,公寓
3048,公寓
3049,透天厝
3050,透天厝
3051,電梯大樓
3052,電梯大樓
3053,透天厝
3054,透天厝
3055,公寓
3056,公寓
3057,公寓
3058,公寓
3059,公寓
3060,電梯大樓
3061,公寓
3062,公寓
3063,電梯大樓
3064,電梯大樓
3065,電梯大樓
3066,公寓
3067,公寓
3068,最短租期一年
3069,公寓
3070,電梯大樓
3071,最短租期一年
3072,電梯大樓
3073,電梯大樓
3074,公寓
3075,電梯大樓
3076,電梯大樓
3077,公寓
3078,公寓
3079,公寓
3080,公寓
3081,公寓
3082,電梯大樓
3083,電梯大樓
3084,電梯大樓
3085,透天厝
3086,電梯大樓
3087,透天厝
3088,公寓
3089,電梯大樓
3090,公寓
3091,公寓
3092,電梯大樓
3093,公寓
3094,公寓
3095,公寓
3096,公寓
3097,公寓
3098,透天厝
3099,公寓
3100,公寓
3101,公寓
3102,電梯大樓
3103,公寓
3104,公寓
3105,電梯大樓
3106,電梯大樓
3107,電梯大樓
3108,公寓
3109,電梯大樓
3110,公寓
3111,公寓
3112,透天厝
3113,公寓
3114,公寓
3115,電梯大樓
3116,電梯大樓
3117,電梯大樓
3118,公寓
3119,電梯大樓
3120,公寓
3121,電梯大樓
3122,電梯大樓
3123,電梯大樓
3124,電梯大樓
3125,電梯大樓
3126,電梯大樓
3127,電梯大樓
3128,電梯大樓
3129,電梯大樓
3130,電梯大樓
3131,電梯大樓
3132,公寓
3133,電梯大樓
3134,公寓
3135,別墅
3136,公寓
3137,最短租期一年
3138,別墅
3139,透天厝
3140,電梯大樓
3141,電梯大樓
3142,公寓
3143,電梯大樓
3144,電梯大樓
3145,電梯大樓
3146,透天厝
3147,透天厝
3148,公寓
3149,電梯大樓
3150,電梯大樓
3151,電梯大樓
3152,電梯大樓
3153,電梯大樓
3154,電梯大樓
3155,電梯大樓
3156,公寓
3157,公寓
3158,電梯大樓
3159,電梯大樓
3160,公寓
3161,公寓
3162,公寓
3163,公寓
3164,公寓
3165,公寓
3166,公寓
3167,公寓
3168,公寓
3169,公寓
3170,公寓
3171,公寓
3172,公寓
3173,電梯大樓
3174,公寓
3175,電梯大樓
3176,電梯大樓
3177,電梯大樓
3178,公寓
3179,電梯大樓
3180,公寓
3181,公寓
3182,公寓
3183,電梯大樓
3184,電梯大樓
3185,電梯大樓
3186,公寓
3187,公寓
3188,電梯大樓
3189,電梯大樓
3190,電梯大樓
3191,公寓
3192,公寓
3193,電梯大樓
3194,電梯大樓
3195,電梯大樓
3196,公寓
3197,公寓
3198,公寓
3199,電梯大樓
3200,電梯大樓
3201,最短租期一年
3202,公寓
3203,公寓
3204,公寓
3205,公寓
3206,公寓
3207,公寓
3208,公寓
3209,公寓
3210,電梯大樓
3211,電梯大樓
3212,電梯大樓
3213,電梯大樓
3214,公寓
3215,透天厝
3216,電梯大樓
3217,公寓
3218,電梯大樓
3219,公寓
3220,公寓
3221,電梯大樓
3222,公寓
3223,電梯大樓
3224,電梯大樓
3225,電梯大樓
3226,電梯大樓
3227,公寓
3228,公寓
3229,公寓
3230,電梯大樓
3231,公寓
3232,最短租期一年
3233,公寓
3234,電梯大樓
3235,透天厝
3236,透天厝
3237,透天厝
3238,透天厝
3239,透天厝
3240,電梯大樓
3241,電梯大樓
3242,透天厝
3243,電梯大樓
3244,電梯大樓
3245,公寓
3246,公寓
3247,公寓
3248,公寓
3249,公寓
3250,公寓
3251,電梯大樓
3252,公寓
3253,公寓
3254,公寓
3255,公寓
3256,公寓
3257,透天厝
3258,公寓
3259,電梯大樓
3260,電梯大樓
3261,電梯大樓
3262,電梯大樓
3263,電梯大樓
3264,電梯大樓
3265,電梯大樓
3266,公寓
3267,電梯大樓
3268,電梯大樓
3269,電梯大樓
3270,透天厝
3271,電梯大樓
3272,最短租期一年
3273,公寓
3274,公寓
3275,電梯大樓
3276,公寓
3277,電梯大樓
3278,電梯大樓
3279,公寓
3280,公寓
3281,透天厝
3282,電梯大樓
3283,公寓
3284,電梯大樓
3285,電梯大樓
3286,電梯大樓
3287,電梯大樓
3288,電梯大樓
3289,公寓
3290,公寓
3291,公寓
3292,公寓
3293,公寓
3294,公寓
3295,電梯大樓
3296,電梯大樓
3297,電梯大樓
3298,電梯大樓
3299,公寓
3300,電梯大樓
3301,電梯大樓
3302,公寓
3303,公寓
3304,電梯大樓
3305,公寓
3306,電梯大樓
3307,電梯大樓
3308,電梯大樓
3309,公寓
3310,公寓
3311,電梯大樓
3312,電梯大樓
3313,最短租期一年
3314,透天厝
3315,公寓
3316,公寓
3317,公寓
3318,公寓
3319,公寓
3320,公寓
3321,公寓
3322,電梯大樓
3323,公寓
3324,別墅
3325,電梯大樓
3326,透天厝
3327,公寓
3328,公寓
3329,電梯大樓
3330,電梯大樓
3331,電梯大樓
3332,電梯大樓
3333,公寓
3334,電梯大樓
3335,電梯大樓
3336,公寓
3337,電梯大樓
3338,電梯大樓
3339,電梯大樓
3340,電梯大樓
3341,電梯大樓
3342,電梯大樓
3343,電梯大樓
3344,電梯大樓
3345,電梯大樓
3346,電梯大樓
3347,公寓
3348,電梯大樓
3349,公寓
3350,公寓
3351,電梯大樓
3352,公寓
3353,公寓
3354,電梯大樓
3355,公寓
3356,電梯大樓
3357,公寓
3358,公寓
3359,電梯大樓
3360,電梯大樓
3361,公寓
3362,公寓
3363,公寓
3364,公寓
3365,公寓
3366,電梯大樓
3367,電梯大樓
3368,電梯大樓
3369,公寓
3370,電梯大樓
3371,電梯大樓
3372,公寓
3373,公寓
3374,公寓
3375,電梯大樓
3376,電梯大樓
3377,電梯大樓
3378,電梯大樓
3379,電梯大樓
3380,公寓
3381,公寓
3382,電梯大樓
3383,電梯大樓
3384,電梯大樓
3385,公寓
3386,公寓
3387,電梯大樓
3388,電梯大樓
3389,最短租期半年
3390,電梯大樓
3391,公寓
3392,公寓
3393,公寓
3394,電梯大樓
3395,公寓
3396,電梯大樓
3397,公寓
3398,公寓
3399,公寓
3400,電梯大樓
3401,電梯大樓
3402,別墅
3403,公寓
3404,電梯大樓
3405,電梯大樓
3406,透天厝
3407,電梯大樓
3408,公寓
3409,公寓
3410,公寓
3411,最短租期一年
3412,電梯大樓
3413,公寓
3414,電梯大樓
3415,透天厝
3416,電梯大樓
3417,電梯大樓
3418,電梯大樓
3419,電梯大樓
3420,透天厝
3421,公寓
3422,電梯大樓
3423,公寓
3424,電梯大樓
3425,電梯大樓
3426,透天厝
3427,公寓
3428,電梯大樓
3429,公寓
3430,電梯大樓
3431,電梯大樓
3432,電梯大樓
3433,電梯大樓
3434,電梯大樓
3435,電梯大樓
3436,電梯大樓
3437,電梯大樓
3438,電梯大樓
3439,公寓
3440,電梯大樓
3441,公寓
3442,公寓
3443,透天厝
3444,公寓
3445,公寓
3446,公寓
3447,公寓
3448,公寓
3449,電梯大樓
3450,電梯大樓
3451,公寓
3452,電梯大樓
3453,公寓
3454,電梯大樓
3455,電梯大樓
3456,電梯大樓
3457,電梯大樓
3458,電梯大樓
3459,電梯大樓
3460,電梯大樓
3461,電梯大樓
3462,公寓
3463,電梯大樓
3464,公寓
3465,透天厝
3466,公寓
3467,電梯大樓
3468,電梯大樓
3469,公寓
3470,公寓
3471,電梯大樓
3472,電梯大樓
3473,公寓
3474,公寓
3475,公寓
3476,電梯大樓
3477,電梯大樓
3478,電梯大樓
3479,電梯大樓
3480,電梯大樓
3481,電梯大樓
3482,公寓
3483,電梯大樓
3484,透天厝
3485,電梯大樓
3486,電梯大樓
3487,公寓
3488,電梯大樓
3489,公寓
3490,公寓
3491,公寓
3492,公寓
3493,電梯大樓
3494,公寓
3495,電梯大樓
3496,電梯大樓
3497,電梯大樓
3498,公寓
3499,電梯大樓
3500,公寓
3501,公寓
3502,公寓
3503,公寓
3504,公寓
3505,電梯大樓
3506,公寓
3507,電梯大樓
3508,公寓
3509,公寓
3510,電梯大樓
3511,公寓
3512,公寓
3513,公寓
3514,公寓
3515,公寓
3516,公寓
3517,公寓
3518,公寓
3519,公寓
3520,公寓
3521,公寓
3522,公寓
3523,公寓
3524,公寓
3525,公寓
3526,公寓
3527,公寓
3528,公寓
3529,透天厝
3530,電梯大樓
3531,公寓
3532,公寓
3533,公寓
3534,公寓
3535,電梯大樓
3536,電梯大樓
3537,公寓
3538,公寓
3539,公寓
3540,公寓
3541,最短租期一年
3542,公寓
3543,公寓
3544,公寓
3545,電梯大樓
3546,公寓
3547,公寓
3548,公寓
3549,電梯大樓
3550,電梯大樓
3551,公寓
3552,公寓
3553,公寓
3554,電梯大樓
3555,電梯大樓
3556,電梯大樓
3557,公寓
3558,公寓
3559,公寓
3560,公寓
3561,公寓
3562,電梯大樓
3563,電梯大樓
3564,公寓
3565,公寓
3566,公寓
3567,電梯大樓
3568,透天厝
3569,公寓
3570,公寓
3571,公寓
3572,公寓
3573,公寓
3574,公寓
3575,公寓
3576,公寓
3577,電梯大樓
3578,公寓
3579,電梯大樓
3580,電梯大樓
3581,電梯大樓
3582,公寓
3583,透天厝
3584,公寓
3585,公寓
3586,透天厝
3587,公寓
3588,公寓
3589,公寓
3590,公寓
3591,公寓
3592,公寓
3593,公寓
3594,公寓
3595,公寓
3596,透天厝
3597,電梯大樓
3598,公寓
3599,透天厝
3600,公寓
3601,公寓
3602,公寓
3603,公寓
3604,電梯大樓
3605,電梯大樓
3606,公寓
3607,電梯大樓
3608,公寓
3609,電梯大樓
3610,公寓
3611,公寓
3612,公寓
3613,公寓
3614,公寓
3615,公寓
3616,公寓
3617,電梯大樓
3618,公寓
3619,公寓
3620,公寓
3621,公寓
3622,電梯大樓
3623,公寓
3624,公寓
3625,公寓
3626,電梯大樓
3627,電梯大樓
3628,公寓
3629,公寓
3630,透天厝
3631,電梯大樓
3632,公寓
3633,電梯大樓
3634,電梯大樓
3635,公寓
3636,公寓
3637,公寓
3638,公寓
3639,公寓
3640,電梯大樓
3641,公寓
3642,公寓
3643,公寓
3644,公寓
3645,公寓
3646,公寓
3647,公寓
3648,公寓
3649,公寓
3650,公寓
3651,電梯大樓
3652,公寓
3653,透天厝
3654,公寓
3655,公寓
3656,公寓
3657,電梯大樓
3658,電梯大樓
3659,公寓
3660,公寓
3661,公寓
3662,公寓
3663,公寓
3664,電梯大樓
3665,透天厝
3666,透天厝
3667,透天厝
3668,公寓
3669,公寓
3670,公寓
3671,電梯大樓
3672,公寓
3673,公寓
3674,電梯大樓
3675,公寓
3676,電梯大樓
3677,電梯大樓
3678,電梯大樓
3679,公寓
3680,電梯大樓
3681,電梯大樓
3682,電梯大樓
3683,公寓
3684,公寓
3685,透天厝
3686,電梯大樓
3687,電梯大樓
3688,公寓
3689,電梯大樓
3690,最短租期一年
3691,公寓
3692,電梯大樓
3693,電梯大樓
3694,公寓
3695,公寓
3696,公寓
3697,透天厝
3698,公寓
3699,透天厝
3700,公寓
3701,電梯大樓
3702,電梯大樓
3703,電梯大樓
3704,公寓
3705,電梯大樓
3706,電梯大樓
3707,公寓
3708,公寓
3709,公寓
3710,透天厝
3711,電梯大樓
3712,公寓
3713,公寓
3714,透天厝
3715,公寓
3716,公寓
3717,電梯大樓
3718,公寓
3719,電梯大樓
3720,電梯大樓
3721,電梯大樓
3722,公寓
3723,公寓
3724,公寓
3725,公寓
3726,公寓
3727,公寓
3728,公寓
3729,公寓
3730,公寓
3731,公寓
3732,公寓
3733,公寓
3734,公寓
3735,公寓
3736,公寓
3737,公寓
3738,公寓
3739,公寓
3740,電梯大樓
3741,電梯大樓
3742,電梯大樓
3743,公寓
3744,公寓
3745,公寓
3746,公寓
3747,電梯大樓
3748,公寓
3749,公寓
3750,電梯大樓
3751,公寓
3752,公寓
3753,公寓
3754,公寓
3755,公寓
3756,公寓
3757,公寓
3758,公寓
3759,公寓
3760,公寓
3761,公寓
3762,公寓
3763,公寓
3764,公寓
3765,公寓
3766,公寓
3767,公寓
3768,公寓
3769,公寓
3770,公寓
3771,公寓
3772,公寓
3773,電梯大樓
3774,公寓
3775,公寓
3776,電梯大樓
3777,電梯大樓
3778,電梯大樓
3779,公寓
3780,公寓
3781,電梯大樓
3782,公寓
3783,電梯大樓
3784,電梯大樓
3785,電梯大樓
3786,電梯大樓
3787,公寓
3788,公寓
3789,透天厝
3790,電梯大樓
3791,電梯大樓
3792,電梯大樓
3793,電梯大樓
3794,電梯大樓
3795,公寓
3796,公寓
3797,電梯大樓
3798,電梯大樓
3799,公寓
3800,電梯大樓
3801,透天厝
3802,公寓
3803,電梯大樓
3804,公寓
3805,公寓
3806,透天厝
3807,公寓
3808,公寓
3809,電梯大樓
3810,電梯大樓
3811,公寓
3812,電梯大樓
3813,公寓
3814,公寓
3815,電梯大樓
3816,電梯大樓
3817,公寓
3818,電梯大樓
3819,電梯大樓
3820,電梯大樓
3821,公寓
3822,電梯大樓
3823,公寓
3824,公寓
3825,透天厝
3826,電梯大樓
3827,公寓
3828,電梯大樓
3829,電梯大樓
3830,電梯大樓
3831,公寓
3832,公寓
3833,公寓
3834,公寓
3835,公寓
3836,電梯大樓
3837,公寓
3838,電梯大樓
3839,透天厝
3840,公寓
3841,電梯大樓
3842,電梯大樓
3843,公寓
3844,電梯大樓
3845,電梯大樓
3846,電梯大樓
3847,電梯大樓
3848,公寓
3849,公寓
3850,公寓
3851,電梯大樓
3852,電梯大樓
3853,公寓
3854,電梯大樓
3855,電梯大樓
3856,公寓
3857,公寓
3858,公寓
3859,公寓
3860,公寓
3861,公寓
3862,公寓
3863,公寓
3864,公寓
3865,電梯大樓
3866,透天厝
3867,公寓
3868,電梯大樓
3869,電梯大樓
3870,電梯大樓
3871,電梯大樓
3872,電梯大樓
3873,電梯大樓
3874,公寓
3875,公寓
3876,公寓
3877,公寓
3878,公寓
3879,公寓
3880,透天厝
3881,電梯大樓
3882,公寓
3883,電梯大樓
3884,電梯大樓
3885,電梯大樓
3886,公寓
3887,電梯大樓
3888,公寓
3889,公寓
3890,電梯大樓
3891,公寓
3892,公寓
3893,公寓
3894,公寓
3895,公寓
3896,公寓
3897,透天厝
3898,透天厝
3899,透天厝
3900,電梯大樓
3901,公寓
3902,公寓
3903,公寓
3904,公寓
3905,電梯大樓
3906,公寓
3907,最短租期一年
3908,電梯大樓
3909,公寓
3910,電梯大樓
3911,電梯大樓
3912,公寓
3913,最短租期一年
3914,電梯大樓
3915,公寓
3916,電梯大樓
3917,電梯大樓
3918,電梯大樓
3919,電梯大樓
3920,電梯大樓
3921,公寓
3922,電梯大樓
3923,公寓
3924,電梯大樓
3925,公寓
3926,電梯大樓
3927,電梯大樓
3928,公寓
3929,透天厝
3930,透天厝
3931,公寓
3932,電梯大樓
3933,電梯大樓
3934,公寓
3935,公寓
3936,電梯大樓
3937,電梯大樓
3938,電梯大樓
3939,公寓
3940,電梯大樓
3941,公寓
3942,公寓
3943,公寓
3944,公寓
3945,公寓
3946,透天厝
3947,公寓
3948,透天厝
3949,公寓
3950,電梯大樓
3951,公寓
3952,公寓
3953,透天厝
3954,透天厝
3955,電梯大樓
3956,電梯大樓
3957,電梯大樓
3958,公寓
3959,透天厝
3960,公寓
3961,電梯大樓
3962,電梯大樓
3963,公寓
3964,電梯大樓
3965,公寓
3966,公寓
3967,透天厝
3968,公寓
3969,公寓
3970,公寓
3971,公寓
3972,透天厝
3973,公寓
3974,公寓
3975,電梯大樓
3976,電梯大樓
3977,公寓
3978,公寓
3979,公寓
3980,公寓
3981,公寓
3982,公寓
3983,公寓
3984,公寓
3985,公寓
3986,公寓
3987,公寓
3988,公寓
3989,公寓
3990,透天厝
3991,電梯大樓
3992,電梯大樓
3993,公寓
3994,公寓
3995,公寓
3996,公寓
3997,公寓
3998,公寓
3999,公寓
4000,公寓
4001,公寓
4002,公寓
4003,公寓
4004,公寓
4005,公寓
4006,公寓
4007,電梯大樓
4008,公寓
4009,電梯大樓
4010,電梯大樓
4011,電梯大樓
4012,公寓
4013,公寓
4014,電梯大樓
4015,電梯大樓
4016,電梯大樓
4017,公寓
4018,公寓
4019,公寓
4020,公寓
4021,電梯大樓
4022,電梯大樓
4023,電梯大樓
4024,公寓
4025,電梯大樓
4026,公寓
4027,電梯大樓
4028,電梯大樓
4029,公寓
4030,公寓
4031,公寓
4032,公寓
4033,公寓
4034,公寓
4035,公寓
4036,電梯大樓
4037,電梯大樓
4038,電梯大樓
4039,電梯大樓
4040,電梯大樓
4041,公寓
4042,公寓
4043,公寓
4044,電梯大樓
4045,公寓
4046,公寓
4047,電梯大樓
4048,電梯大樓
4049,公寓
4050,公寓
4051,電梯大樓
4052,電梯大樓
4053,電梯大樓
4054,公寓
4055,公寓
4056,公寓
4057,電梯大樓
4058,公寓
4059,公寓
4060,公寓
4061,公寓
4062,公寓
4063,電梯大樓
4064,透天厝
4065,電梯大樓
4066,公寓
4067,電梯大樓
4068,公寓
4069,電梯大樓
4070,公寓
4071,公寓
4072,電梯大樓
4073,公寓
4074,電梯大樓
4075,電梯大樓
4076,電梯大樓
4077,電梯大樓
4078,電梯大樓
4079,電梯大樓
4080,公寓
4081,電梯大樓
4082,電梯大樓
4083,公寓
4084,公寓
4085,電梯大樓
4086,公寓
4087,電梯大樓
4088,電梯大樓
4089,公寓
4090,電梯大樓
4091,公寓
4092,公寓
4093,公寓
4094,公寓
4095,公寓
4096,公寓
4097,公寓
4098,公寓
4099,公寓
4100,電梯大樓
4101,公寓
4102,電梯大樓
4103,電梯大樓
4104,電梯大樓
4105,公寓
4106,公寓
4107,電梯大樓
4108,電梯大樓
4109,電梯大樓
4110,電梯大樓
4111,電梯大樓
4112,公寓
4113,透天厝
4114,公寓
4115,公寓
4116,電梯大樓
4117,公寓
4118,電梯大樓
4119,公寓
4120,透天厝
4121,透天厝
4122,電梯大樓
4123,電梯大樓
4124,電梯大樓
4125,公寓
4126,電梯大樓
4127,最短租期半年
4128,公寓
4129,電梯大樓
4130,公寓
4131,透天厝
4132,電梯大樓
4133,公寓
4134,公寓
4135,公寓
4136,公寓
4137,公寓
4138,公寓
4139,公寓
4140,電梯大樓
4141,電梯大樓
4142,電梯大樓
4143,透天厝
4144,電梯大樓
4145,電梯大樓
4146,公寓
4147,最短租期一年
4148,公寓
4149,公寓
4150,電梯大樓
4151,電梯大樓
4152,公寓
4153,公寓
4154,公寓
4155,公寓
4156,公寓
4157,公寓
4158,公寓
4159,公寓
4160,公寓
4161,公寓
4162,電梯大樓
4163,公寓
4164,公寓
4165,公寓
4166,公寓
4167,電梯大樓
4168,公寓
4169,電梯大樓
4170,公寓
4171,電梯大樓
4172,公寓
4173,電梯大樓
4174,公寓
4175,公寓
4176,公寓
4177,公寓
4178,公寓
4179,公寓
4180,公寓
4181,公寓
4182,公寓
4183,透天厝
4184,公寓
4185,公寓
4186,透天厝
4187,公寓
4188,電梯大樓
4189,電梯大樓
4190,公寓
4191,電梯大樓
4192,公寓
4193,電梯大樓
4194,公寓
4195,公寓
4196,公寓
4197,公寓
4198,電梯大樓
4199,公寓
4200,電梯大樓
4201,公寓
4202,公寓
4203,公寓
4204,公寓
4205,公寓
4206,公寓
4207,公寓
4208,公寓
4209,公寓
4210,公寓
4211,電梯大樓
4212,公寓
4213,透天厝
4214,電梯大樓
4215,公寓
4216,公寓
4217,公寓
4218,公寓
4219,公寓
4220,公寓
4221,透天厝
4222,公寓
4223,公寓
4224,公寓
4225,公寓
4226,公寓
4227,公寓
4228,公寓
4229,電梯大樓
4230,公寓
4231,公寓
4232,公寓
4233,公寓
4234,電梯大樓
4235,公寓
4236,公寓
4237,公寓
4238,電梯大樓
4239,公寓
4240,公寓
4241,公寓
4242,公寓
4243,電梯大樓
4244,公寓
4245,公寓
4246,公寓
4247,電梯大樓
4248,公寓
4249,公寓
4250,公寓
4251,公寓
4252,透天厝
4253,電梯大樓
4254,公寓
4255,電梯大樓
4256,公寓
4257,透天厝
4258,透天厝
4259,電梯大樓
4260,公寓
4261,公寓
4262,電梯大樓
4263,公寓
4264,公寓
4265,透天厝
4266,公寓
4267,公寓
4268,公寓
4269,公寓
4270,公寓
4271,公寓
4272,公寓
4273,電梯大樓
4274,透天厝
4275,電梯大樓
4276,公寓
4277,電梯大樓
4278,公寓
4279,公寓
4280,電梯大樓
4281,電梯大樓
4282,電梯大樓
4283,電梯大樓
4284,透天厝
4285,電梯大樓
4286,電梯大樓
4287,公寓
4288,透天厝
4289,電梯大樓
4290,公寓
4291,公寓
4292,公寓
4293,公寓
4294,電梯大樓
4295,電梯大樓
4296,透天厝
4297,透天厝
4298,公寓
4299,電梯大樓
4300,透天厝
4301,電梯大樓
4302,公寓
4303,公寓
4304,電梯大樓
4305,公寓
4306,公寓
4307,電梯大樓
4308,透天厝
4309,公寓
4310,電梯大樓
4311,公寓
4312,公寓
4313,電梯大樓
4314,電梯大樓
4315,電梯大樓
4316,電梯大樓
4317,透天厝
4318,透天厝
4319,電梯大樓
4320,電梯大樓
4321,電梯大樓
4322,公寓
4323,公寓
4324,電梯大樓
4325,電梯大樓
4326,電梯大樓
4327,公寓
4328,透天厝
4329,公寓
4330,公寓
4331,電梯大樓
4332,電梯大樓
4333,電梯大樓
4334,電梯大樓
4335,電梯大樓
4336,電梯大樓
4337,電梯大樓
4338,電梯大樓
4339,電梯大樓
4340,電梯大樓
4341,公寓
4342,公寓
4343,公寓
4344,電梯大樓
4345,電梯大樓
4346,公寓
4347,透天厝
4348,公寓
4349,電梯大樓
4350,公寓
4351,電梯大樓
4352,電梯大樓
4353,電梯大樓
4354,電梯大樓
4355,公寓
4356,電梯大樓
4357,公寓
4358,公寓
4359,電梯大樓
4360,電梯大樓
4361,公寓
4362,電梯大樓
4363,電梯大樓
4364,公寓
4365,公寓
4366,公寓
4367,公寓
4368,公寓
4369,公寓
4370,電梯大樓
4371,公寓
4372,公寓
4373,電梯大樓
4374,電梯大樓
4375,電梯大樓
4376,電梯大樓
4377,電梯大樓
4378,電梯大樓
4379,電梯大樓
4380,電梯大樓
4381,電梯大樓
4382,公寓
4383,公寓
4384,電梯大樓
4385,電梯大樓
4386,電梯大樓
4387,公寓
4388,電梯大樓
4389,電梯大樓
4390,公寓
4391,公寓
4392,公寓
4393,公寓
4394,公寓
4395,透天厝
4396,透天厝
4397,公寓
4398,公寓
4399,電梯大樓
4400,公寓
4401,電梯大樓
4402,公寓
4403,公寓
4404,電梯大樓
4405,公寓
4406,公寓
4407,公寓
4408,電梯大樓
4409,公寓
4410,公寓
4411,電梯大樓
4412,電梯大樓
4413,電梯大樓
4414,電梯大樓
4415,公寓
4416,公寓
4417,公寓
4418,公寓
4419,公寓
4420,公寓
4421,公寓
4422,電梯大樓
4423,電梯大樓
4424,公寓
4425,公寓
4426,公寓
4427,公寓
4428,公寓
4429,公寓
4430,公寓
4431,公寓
4432,公寓
4433,電梯大樓
4434,公寓
4435,公寓
4436,電梯大樓
4437,公寓
4438,電梯大樓
4439,公寓
4440,電梯大樓
4441,公寓
4442,電梯大樓
4443,公寓
4444,公寓
4445,公寓
4446,最短租期三個月
4447,透天厝
4448,公寓
4449,公寓
4450,電梯大樓
4451,公寓
4452,最短租期一年
4453,公寓
4454,電梯大樓
4455,公寓
4456,透天厝
4457,電梯大樓
4458,公寓
4459,電梯大樓
4460,公寓
4461,公寓
4462,透天厝
4463,電梯大樓
4464,電梯大樓
4465,公寓
4466,公寓
4467,公寓
4468,公寓
4469,電梯大樓
4470,公寓
4471,電梯大樓
4472,電梯大樓
4473,電梯大樓
4474,電梯大樓
4475,最短租期一年
4476,電梯大樓
4477,電梯大樓
4478,公寓
4479,公寓
4480,透天厝
4481,公寓
4482,公寓
4483,電梯大樓
4484,電梯大樓
4485,公寓
4486,透天厝
4487,公寓
4488,電梯大樓
4489,透天厝
4490,公寓
4491,公寓
4492,公寓
4493,公寓
4494,電梯大樓
4495,電梯大樓
4496,公寓
4497,公寓
4498,公寓
4499,電梯大樓
4500,電梯大樓
4501,透天厝
4502,公寓
4503,透天厝
4504,公寓
4505,公寓
4506,公寓
4507,公寓
4508,公寓
4509,公寓
4510,透天厝
4511,公寓
4512,公寓
4513,公寓
4514,公寓
4515,公寓
4516,電梯大樓
4517,公寓
4518,電梯大樓
4519,公寓
4520,電梯大樓
4521,公寓
4522,公寓
4523,公寓
4524,透天厝
4525,公寓
4526,電梯大樓
4527,公寓
4528,電梯大樓
4529,公寓
4530,電梯大樓
4531,電梯大樓
4532,公寓
4533,電梯大樓
4534,公寓
4535,最短租期一年
4536,公寓
4537,公寓
4538,電梯大樓
4539,公寓
4540,電梯大樓
4541,電梯大樓
4542,電梯大樓
4543,電梯大樓
4544,公寓
4545,電梯大樓
4546,電梯大樓
4547,公寓
4548,公寓
4549,公寓
4550,電梯大樓
4551,公寓
4552,電梯大樓
4553,公寓
4554,公寓
4555,公寓
4556,公寓
4557,公寓
4558,公寓
4559,電梯大樓
4560,公寓
4561,公寓
4562,公寓
4563,公寓
4564,公寓
4565,電梯大樓
4566,電梯大樓
4567,公寓
4568,電梯大樓
4569,公寓
4570,公寓
4571,公寓
4572,公寓
4573,電梯大樓
4574,公寓
4575,公寓
4576,公寓
4577,透天厝
4578,公寓
4579,公寓
4580,電梯大樓
4581,電梯大樓
4582,公寓
4583,電梯大樓
4584,公寓
4585,電梯大樓
4586,公寓
4587,電梯大樓
4588,電梯大樓
4589,電梯大樓
4590,最短租期一年
4591,公寓
4592,公寓
4593,公寓
4594,電梯大樓
4595,公寓
4596,透天厝
4597,電梯大樓
4598,透天厝
4599,公寓
4600,公寓
4601,電梯大樓
4602,公寓
4603,電梯大樓
4604,電梯大樓
4605,電梯大樓
4606,電梯大樓
4607,公寓
4608,公寓
4609,公寓
4610,公寓
4611,電梯大樓
4612,透天厝
4613,電梯大樓
4614,電梯大樓
4615,電梯大樓
4616,電梯大樓
4617,電梯大樓
4618,公寓
4619,電梯大樓
4620,公寓
4621,公寓
4622,電梯大樓
4623,電梯大樓
4624,電梯大樓
4625,電梯大樓
4626,電梯大樓
4627,最短租期一年
4628,公寓
4629,公寓
4630,透天厝
4631,透天厝
4632,電梯大樓
4633,透天厝
4634,電梯大樓
4635,公寓
4636,公寓
4637,公寓
4638,電梯大樓
4639,透天厝
4640,透天厝
4641,電梯大樓
4642,公寓
4643,電梯大樓
4644,透天厝
4645,透天厝
4646,電梯大樓
4647,透天厝
4648,電梯大樓
4649,公寓
4650,電梯大樓
4651,公寓
4652,電梯大樓
4653,電梯大樓
4654,電梯大樓
4655,電梯大樓
4656,公寓
4657,公寓
4658,公寓
4659,公寓
4660,電梯大樓
4661,電梯大樓
4662,公寓
4663,公寓
4664,電梯大樓
4665,公寓
4666,公寓
4667,電梯大樓
4668,公寓
4669,電梯大樓
4670,公寓
4671,電梯大樓
4672,電梯大樓
4673,公寓
4674,電梯大樓
4675,電梯大樓
4676,電梯大樓
4677,電梯大樓
4678,電梯大樓
4679,電梯大樓
4680,公寓
4681,公寓
4682,電梯大樓
4683,電梯大樓
4684,公寓
4685,電梯大樓
4686,公寓
4687,電梯大樓
4688,電梯大樓
4689,電梯大樓
4690,電梯大樓
4691,電梯大樓
4692,電梯大樓
4693,公寓
4694,電梯大樓
4695,公寓
4696,公寓
4697,公寓
4698,公寓
4699,透天厝
4700,電梯大樓
4701,電梯大樓
4702,公寓
4703,公寓
4704,電梯大樓
4705,電梯大樓
4706,公寓
4707,電梯大樓
4708,電梯大樓
4709,公寓
4710,電梯大樓
4711,公寓
4712,透天厝
4713,透天厝
4714,電梯大樓
4715,公寓
4716,電梯大樓
4717,公寓
4718,公寓
4719,電梯大樓
4720,電梯大樓
4721,公寓
4722,電梯大樓
4723,公寓
4724,公寓
4725,公寓
4726,公寓
4727,電梯大樓
4728,電梯大樓
4729,電梯大樓
4730,電梯大樓
4731,公寓
4732,公寓
4733,公寓
4734,公寓
4735,電梯大樓
4736,電梯大樓
4737,電梯大樓
4738,公寓
4739,電梯大樓
4740,透天厝
4741,電梯大樓
4742,公寓
4743,電梯大樓
4744,公寓
4745,公寓
4746,電梯大樓
4747,公寓
4748,公寓
4749,公寓
4750,公寓
4751,公寓
4752,公寓
4753,電梯大樓
4754,公寓
4755,透天厝
4756,公寓
4757,公寓
4758,公寓
4759,公寓
4760,電梯大樓
4761,公寓
4762,公寓
4763,電梯大樓
4764,電梯大樓
4765,電梯大樓
4766,公寓
4767,公寓
4768,最短租期一年
4769,公寓
4770,公寓
4771,電梯大樓
4772,公寓
4773,公寓
4774,電梯大樓
4775,電梯大樓
4776,電梯大樓
4777,電梯大樓
4778,電梯大樓
4779,電梯大樓
4780,公寓
4781,電梯大樓
4782,電梯大樓
4783,電梯大樓
4784,電梯大樓
4785,最短租期一年
4786,公寓
4787,公寓
4788,公寓
4789,公寓
4790,最短租期一年
4791,公寓
4792,透天厝
4793,公寓
4794,電梯大樓
4795,公寓
4796,公寓
4797,透天厝
4798,電梯大樓
4799,公寓
4800,公寓
4801,電梯大樓
4802,最短租期一年
4803,電梯大樓
4804,電梯大樓
4805,電梯大樓
4806,最短租期一年
4807,電梯大樓
4808,電梯大樓
4809,電梯大樓
4810,公寓
4811,公寓
4812,公寓
4813,公寓
4814,公寓
4815,公寓
4816,公寓
4817,公寓
4818,公寓
4819,公寓
4820,電梯大樓
4821,公寓
4822,公寓
4823,電梯大樓
4824,公寓
4825,電梯大樓
4826,公寓
4827,電梯大樓
4828,電梯大樓
4829,電梯大樓
4830,透天厝
4831,電梯大樓
4832,公寓
4833,電梯大樓
4834,公寓
4835,公寓
4836,電梯大樓
4837,公寓
4838,公寓
4839,公寓
4840,電梯大樓
4841,公寓
4842,電梯大樓
4843,透天厝
4844,電梯大樓
4845,電梯大樓
4846,公寓
4847,電梯大樓
4848,公寓
4849,電梯大樓
4850,電梯大樓
4851,電梯大樓
4852,公寓
4853,公寓
4854,電梯大樓
4855,電梯大樓
4856,公寓
4857,電梯大樓
4858,公寓
4859,公寓
4860,公寓
4861,電梯大樓
4862,電梯大樓
4863,公寓
4864,電梯大樓
4865,電梯大樓
4866,電梯大樓
4867,公寓
4868,公寓
4869,公寓
4870,公寓
4871,透天厝
4872,電梯大樓
4873,透天厝
4874,電梯大樓
4875,電梯大樓
4876,電梯大樓
4877,電梯大樓
4878,電梯大樓
4879,電梯大樓
4880,透天厝
4881,公寓
4882,公寓
4883,電梯大樓
4884,電梯大樓
4885,公寓
4886,電梯大樓
4887,公寓
4888,公寓
4889,公寓
4890,電梯大樓
4891,公寓
4892,公寓
4893,公寓
4894,電梯大樓
4895,最短租期三個月
4896,公寓
4897,公寓
4898,電梯大樓
4899,電梯大樓
4900,電梯大樓
4901,公寓
4902,公寓
4903,公寓
4904,公寓
4905,電梯大樓
4906,公寓
4907,公寓
4908,公寓
4909,電梯大樓
4910,最短租期三個月
4911,公寓
4912,電梯大樓
4913,公寓
4914,電梯大樓
4915,電梯大樓
4916,公寓
4917,電梯大樓
4918,電梯大樓
4919,公寓
4920,透天厝
4921,電梯大樓
4922,公寓
4923,電梯大樓
4924,電梯大樓
4925,公寓
4926,公寓
4927,公寓
4928,公寓
4929,公寓
4930,公寓
4931,電梯大樓
4932,電梯大樓
4933,公寓
4934,電梯大樓
4935,公寓
4936,公寓
4937,公寓
4938,公寓
4939,公寓
4940,電梯大樓
4941,電梯大樓
4942,電梯大樓
4943,公寓
4944,公寓
4945,公寓
4946,公寓
4947,電梯大樓
4948,公寓
4949,公寓
4950,公寓
4951,透天厝
4952,電梯大樓
4953,透天厝
4954,公寓
4955,公寓
4956,電梯大樓
4957,公寓
4958,公寓
4959,公寓
4960,電梯大樓
4961,公寓
4962,公寓
4963,電梯大樓
4964,電梯大樓
4965,電梯大樓
4966,公寓
4967,電梯大樓
4968,公寓
4969,電梯大樓
4970,電梯大樓
4971,公寓
4972,電梯大樓
4973,公寓
4974,電梯大樓
4975,電梯大樓
4976,電梯大樓
4977,公寓
4978,電梯大樓
4979,公寓
4980,電梯大樓
4981,透天厝
4982,公寓
4983,公寓
4984,電梯大樓
4985,電梯大樓
4986,電梯大樓
4987,公寓
4988,電梯大樓
4989,公寓
4990,公寓
4991,公寓
4992,公寓
4993,公寓
4994,透天厝
4995,電梯大樓
4996,別墅
4997,公寓
4998,透天厝
4999,公寓
5000,公寓
5001,公寓
5002,公寓
5003,電梯大樓
5004,電梯大樓
5005,最短租期1月
5006,電梯大樓
5007,電梯大樓
5008,公寓
5009,電梯大樓
5010,電梯大樓
5011,透天厝
5012,公寓
5013,電梯大樓
5014,公寓
5015,電梯大樓
5016,公寓
5017,電梯大樓
5018,電梯大樓
5019,電梯大樓
5020,公寓
5021,電梯大樓
5022,電梯大樓
5023,電梯大樓
5024,電梯大樓
5025,公寓
5026,公寓
5027,公寓
5028,電梯大樓
5029,公寓
5030,公寓
5031,電梯大樓
5032,透天厝
5033,電梯大樓
5034,公寓
5035,電梯大樓
5036,公寓
5037,電梯大樓
5038,電梯大樓
5039,公寓
5040,公寓
5041,電梯大樓
5042,電梯大樓
5043,公寓
5044,公寓
5045,公寓
5046,公寓
5047,公寓
5048,公寓
5049,公寓
5050,公寓
5051,電梯大樓
5052,電梯大樓
5053,電梯大樓
5054,公寓
5055,電梯大樓
5056,電梯大樓
5057,電梯大樓
5058,電梯大樓
5059,電梯大樓
5060,公寓
5061,電梯大樓
5062,公寓
5063,透天厝
5064,公寓
5065,電梯大樓
5066,電梯大樓
5067,電梯大樓
5068,公寓
5069,電梯大樓
5070,電梯大樓
5071,電梯大樓
5072,電梯大樓
5073,公寓
5074,電梯大樓
5075,電梯大樓
5076,公寓
5077,電梯大樓
5078,公寓
5079,電梯大樓
5080,電梯大樓
5081,公寓
5082,電梯大樓
5083,電梯大樓
5084,電梯大樓
5085,電梯大樓
5086,電梯大樓
5087,電梯大樓
5088,電梯大樓
5089,電梯大樓
5090,公寓
5091,電梯大樓
5092,公寓
5093,電梯大樓
5094,公寓
5095,公寓
5096,公寓
5097,公寓
5098,電梯大樓
5099,公寓
5100,公寓
5101,公寓
5102,公寓
5103,電梯大樓
5104,透天厝
5105,電梯大樓
5106,公寓
5107,公寓
5108,電梯大樓
5109,公寓
5110,電梯大樓
5111,電梯大樓
5112,電梯大樓
5113,電梯大樓
5114,公寓
5115,電梯大樓
5116,公寓
5117,電梯大樓
5118,公寓
5119,電梯大樓
5120,透天厝
5121,電梯大樓
5122,公寓
5123,公寓
5124,電梯大樓
5125,公寓
5126,公寓
5127,電梯大樓
5128,電梯大樓
5129,電梯大樓
5130,電梯大樓
5131,電梯大樓
5132,公寓
5133,電梯大樓
5134,電梯大樓
5135,電梯大樓
5136,電梯大樓
5137,公寓
5138,電梯大樓
5139,電梯大樓
5140,電梯大樓
5141,電梯大樓
5142,電梯大樓
5143,公寓
5144,電梯大樓
5145,電梯大樓
5146,公寓
5147,公寓
5148,公寓
5149,電梯大樓
5150,電梯大樓
5151,電梯大樓
5152,電梯大樓
5153,電梯大樓
5154,電梯大樓
5155,電梯大樓
5156,公寓
5157,電梯大樓
5158,公寓
5159,電梯大樓
5160,電梯大樓
5161,電梯大樓
5162,電梯大樓
5163,電梯大樓
5164,電梯大樓
5165,公寓
5166,電梯大樓
5167,公寓
5168,電梯大樓
5169,電梯大樓
5170,電梯大樓
5171,電梯大樓
5172,公寓
5173,電梯大樓
5174,電梯大樓
5175,電梯大樓
5176,公寓
5177,公寓
5178,公寓
5179,公寓
5180,電梯大樓
5181,電梯大樓
5182,電梯大樓
5183,電梯大樓
5184,電梯大樓
5185,電梯大樓
5186,電梯大樓
5187,電梯大樓
5188,最短租期一年
5189,電梯大樓
5190,電梯大樓
5191,電梯大樓
5192,電梯大樓
5193,公寓
5194,電梯大樓
5195,電梯大樓
5196,別墅
5197,公寓
5198,透天厝
5199,公寓
5200,公寓
5201,公寓
5202,電梯大樓
5203,公寓
5204,透天厝
5205,電梯大樓
5206,電梯大樓
5207,電梯大樓
5208,公寓
5209,透天厝
5210,電梯大樓
5211,電梯大樓
5212,電梯大樓
5213,電梯大樓
5214,電梯大樓
5215,電梯大樓
5216,電梯大樓
5217,電梯大樓
5218,透天厝
5219,公寓
5220,電梯大樓
5221,公寓
5222,電梯大樓
5223,電梯大樓
5224,公寓
5225,電梯大樓
5226,公寓
5227,電梯大樓
5228,公寓
5229,電梯大樓
5230,電梯大樓
5231,透天厝
5232,透天厝
5233,電梯大樓
5234,公寓
5235,電梯大樓
5236,公寓
5237,電梯大樓
5238,電梯大樓
5239,公寓
5240,電梯大樓
5241,公寓
5242,公寓
5243,公寓
5244,公寓
5245,公寓
5246,電梯大樓
5247,電梯大樓
5248,電梯大樓
5249,電梯大樓
5250,公寓
5251,公寓
5252,最短租期一年
5253,電梯大樓
5254,公寓
5255,電梯大樓
5256,透天厝
5257,透天厝
5258,電梯大樓
5259,最短租期一年
5260,電梯大樓
5261,電梯大樓
5262,電梯大樓
5263,電梯大樓
5264,電梯大樓
5265,電梯大樓
5266,電梯大樓
5267,電梯大樓
5268,電梯大樓
5269,電梯大樓
5270,公寓
5271,電梯大樓
5272,電梯大樓
5273,電梯大樓
5274,電梯大樓
5275,電梯大樓
5276,公寓
5277,公寓
5278,電梯大樓
5279,公寓
5280,電梯大樓
5281,公寓
5282,電梯大樓
5283,電梯大樓
5284,公寓
5285,電梯大樓
5286,電梯大樓
5287,公寓
5288,電梯大樓
5289,公寓
5290,電梯大樓
5291,公寓
5292,電梯大樓
5293,電梯大樓
5294,電梯大樓
5295,電梯大樓
5296,電梯大樓
5297,電梯大樓
5298,電梯大樓
5299,電梯大樓
5300,公寓
5301,公寓
5302,電梯大樓
5303,電梯大樓
5304,公寓
5305,公寓
5306,電梯大樓
5307,電梯大樓
5308,電梯大樓
5309,電梯大樓
5310,公寓
5311,電梯大樓
5312,公寓
5313,公寓
5314,電梯大樓
5315,電梯大樓
5316,電梯大樓
5317,公寓
5318,電梯大樓
5319,電梯大樓
5320,公寓
5321,電梯大樓
5322,公寓
5323,電梯大樓
5324,電梯大樓
5325,電梯大樓
5326,電梯大樓
5327,電梯大樓
5328,電梯大樓
5329,電梯大樓
5330,電梯大樓
5331,電梯大樓
5332,公寓
5333,電梯大樓
5334,電梯大樓
5335,公寓
5336,電梯大樓
5337,電梯大樓
5338,電梯大樓
5339,電梯大樓
5340,電梯大樓
5341,電梯大樓
5342,公寓
5343,電梯大樓
5344,公寓
5345,電梯大樓
5346,電梯大樓
5347,公寓
5348,電梯大樓
5349,公寓
5350,電梯大樓
5351,透天厝
5352,公寓
5353,公寓
5354,透天厝
5355,電梯大樓
5356,公寓
5357,公寓
5358,電梯大樓
5359,公寓
5360,公寓
5361,別墅
5362,公寓
5363,公寓
5364,電梯大樓
5365,透天厝
5366,電梯大樓
5367,公寓
5368,公寓
5369,公寓
5370,電梯大樓
5371,電梯大樓
5372,電梯大樓
5373,公寓
5374,電梯大樓
5375,電梯大樓
5376,電梯大樓
5377,公寓
5378,公寓
5379,公寓
5380,公寓
5381,公寓
5382,公寓
5383,電梯大樓
5384,電梯大樓
5385,公寓
5386,公寓
5387,公寓
5388,公寓
5389,公寓
5390,公寓
5391,電梯大樓
5392,公寓
5393,電梯大樓
5394,電梯大樓
5395,公寓
5396,電梯大樓
5397,電梯大樓
5398,公寓
5399,電梯大樓
5400,公寓
5401,公寓
5402,透天厝
5403,電梯大樓
5404,最短租期一年
5405,最短租期三個月
5406,公寓
5407,電梯大樓
5408,公寓
5409,公寓
5410,公寓
5411,電梯大樓
5412,公寓
5413,電梯大樓
5414,透天厝
5415,公寓
5416,電梯大樓
5417,電梯大樓
5418,電梯大樓
5419,公寓
5420,電梯大樓
5421,最短租期半年
5422,公寓
5423,透天厝
5424,最短租期一年
5425,公寓
5426,公寓
5427,電梯大樓
5428,電梯大樓
5429,公寓
5430,公寓
5431,公寓
5432,透天厝
5433,公寓
5434,公寓
5435,公寓
5436,電梯大樓
5437,公寓
5438,公寓
5439,電梯大樓
5440,電梯大樓
5441,透天厝
5442,公寓
5443,公寓
5444,公寓
5445,公寓
5446,電梯大樓
5447,電梯大樓
5448,電梯大樓
5449,電梯大樓
5450,公寓
5451,電梯大樓
5452,電梯大樓
5453,電梯大樓
5454,公寓
5455,透天厝
5456,電梯大樓
5457,電梯大樓
5458,電梯大樓
5459,公寓
5460,電梯大樓
5461,電梯大樓
5462,電梯大樓
5463,電梯大樓
5464,電梯大樓
5465,電梯大樓
5466,電梯大樓
5467,公寓
5468,電梯大樓
5469,電梯大樓
5470,電梯大樓
5471,公寓
5472,公寓
5473,電梯大樓
5474,電梯大樓
5475,透天厝
5476,電梯大樓
5477,公寓
5478,公寓
5479,公寓
5480,電梯大樓
5481,公寓
5482,透天厝
5483,公寓
5484,公寓
5485,電梯大樓
5486,公寓
5487,公寓
5488,電梯大樓
5489,電梯大樓
5490,電梯大樓
5491,公寓
5492,公寓
5493,透天厝
5494,公寓
5495,公寓
5496,電梯大樓
5497,公寓
5498,透天厝
5499,電梯大樓
5500,公寓
5501,透天厝
5502,透天厝
5503,電梯大樓
5504,透天厝
5505,公寓
5506,公寓
5507,公寓
5508,電梯大樓
5509,公寓
5510,公寓
5511,公寓
5512,電梯大樓
5513,電梯大樓
5514,電梯大樓
5515,電梯大樓
5516,電梯大樓
5517,公寓
5518,電梯大樓
5519,電梯大樓
5520,電梯大樓
5521,公寓
5522,公寓
5523,電梯大樓
5524,電梯大樓
5525,公寓
5526,公寓
5527,公寓
5528,電梯大樓
5529,電梯大樓
5530,電梯大樓
5531,電梯大樓
5532,別墅
5533,公寓
5534,公寓
5535,公寓
5536,電梯大樓
5537,公寓
5538,公寓
5539,電梯大樓
5540,電梯大樓
5541,公寓
5542,公寓
5543,公寓
5544,公寓
5545,電梯大樓
5546,公寓
5547,公寓
5548,電梯大樓
5549,最短租期一年
5550,公寓
5551,公寓
5552,電梯大樓
5553,電梯大樓
5554,電梯大樓
5555,公寓
5556,公寓
5557,公寓
5558,公寓
5559,公寓
5560,公寓
5561,公寓
5562,公寓
5563,透天厝
5564,公寓
5565,公寓
5566,公寓
5567,公寓
5568,公寓
5569,公寓
5570,公寓
5571,公寓
5572,公寓
5573,電梯大樓
5574,公寓
5575,公寓
5576,公寓
5577,公寓
5578,公寓
5579,電梯大樓
5580,透天厝
5581,公寓
5582,公寓
5583,電梯大樓
5584,公寓
5585,電梯大樓
5586,公寓
5587,公寓
5588,公寓
5589,公寓
5590,電梯大樓
5591,公寓
5592,透天厝
5593,公寓
5594,公寓
5595,電梯大樓
5596,公寓
5597,公寓
5598,公寓
5599,電梯大樓
5600,公寓
5601,公寓
5602,公寓
5603,公寓
5604,電梯大樓
5605,公寓
5606,公寓
5607,公寓
5608,電梯大樓
5609,電梯大樓
5610,公寓
5611,電梯大樓
5612,公寓
5613,電梯大樓
5614,公寓
5615,公寓
5616,公寓
5617,公寓
5618,電梯大樓
5619,公寓
5620,公寓
5621,公寓
5622,電梯大樓
5623,公寓
5624,公寓
5625,公寓
5626,公寓
5627,公寓
5628,電梯大樓
5629,公寓
5630,電梯大樓
5631,電梯大樓
5632,電梯大樓
5633,公寓
5634,公寓
5635,最短租期一年
5636,公寓
5637,電梯大樓
5638,公寓
5639,電梯大樓
5640,公寓
5641,公寓
5642,公寓
5643,公寓
5644,電梯大樓
5645,電梯大樓
5646,電梯大樓
5647,電梯大樓
5648,公寓
5649,公寓
5650,公寓
5651,公寓
5652,公寓
5653,電梯大樓
5654,電梯大樓
5655,公寓
5656,公寓
5657,電梯大樓
5658,電梯大樓
5659,電梯大樓
5660,公寓
5661,公寓
5662,公寓
5663,公寓
5664,公寓
5665,公寓
5666,透天厝
5667,電梯大樓
5668,公寓
5669,公寓
5670,公寓
5671,公寓
5672,公寓
5673,公寓
5674,公寓
5675,電梯大樓
5676,電梯大樓
5677,電梯大樓
5678,電梯大樓
5679,公寓
5680,電梯大樓
5681,公寓
5682,電梯大樓
5683,電梯大樓
5684,電梯大樓
5685,電梯大樓
5686,公寓
5687,電梯大樓
5688,公寓
5689,公寓
5690,電梯大樓
5691,電梯大樓
5692,公寓
5693,電梯大樓
5694,電梯大樓
5695,公寓
5696,電梯大樓
5697,電梯大樓
5698,電梯大樓
5699,電梯大樓
5700,公寓
5701,電梯大樓
5702,電梯大樓
5703,電梯大樓
5704,電梯大樓
5705,公寓
5706,電梯大樓
5707,公寓
5708,電梯大樓
5709,電梯大樓
5710,公寓
5711,公寓
5712,透天厝
5713,透天厝
5714,公寓
5715,公寓
5716,公寓
5717,公寓
5718,電梯大樓
5719,公寓
5720,公寓
5721,公寓
5722,電梯大樓
5723,公寓
5724,電梯大樓
5725,公寓
5726,公寓
5727,公寓
5728,電梯大樓
5729,電梯大樓
5730,電梯大樓
5731,公寓
5732,公寓
5733,公寓
5734,公寓
5735,公寓
5736,電梯大樓
5737,電梯大樓
5738,公寓
5739,公寓
5740,公寓
5741,公寓
5742,公寓
5743,公寓
5744,公寓
5745,電梯大樓
5746,電梯大樓
5747,公寓
5748,公寓
5749,公寓
5750,電梯大樓
5751,電梯大樓
5752,電梯大樓
5753,電梯大樓
5754,電梯大樓
5755,電梯大樓
5756,公寓
5757,公寓
5758,電梯大樓
5759,電梯大樓
5760,公寓
5761,電梯大樓
5762,公寓
5763,公寓
5764,電梯大樓
5765,電梯大樓
5766,電梯大樓
5767,電梯大樓
5768,電梯大樓
5769,電梯大樓
5770,電梯大樓
5771,公寓
5772,電梯大樓
5773,電梯大樓
5774,電梯大樓
5775,電梯大樓
5776,公寓
5777,電梯大樓
5778,公寓
5779,電梯大樓
5780,最短租期一年
5781,公寓
5782,公寓
5783,公寓
5784,公寓
5785,公寓
5786,公寓
5787,電梯大樓
5788,公寓
5789,公寓
5790,公寓
5791,最短租期一年
5792,透天厝
5793,公寓
5794,公寓
5795,公寓
5796,公寓
5797,公寓
5798,透天厝
5799,電梯大樓
5800,公寓
5801,公寓
5802,公寓
5803,公寓
5804,公寓
5805,公寓
5806,透天厝
5807,公寓
5808,公寓
5809,電梯大樓
5810,電梯大樓
5811,公寓
5812,公寓
5813,公寓
5814,公寓
5815,公寓
5816,電梯大樓
5817,公寓
5818,公寓
5819,電梯大樓
5820,公寓
5821,公寓
5822,公寓
5823,公寓
5824,電梯大樓
5825,電梯大樓
5826,公寓
5827,電梯大樓
5828,公寓
5829,公寓
5830,電梯大樓
5831,公寓
5832,公寓
5833,電梯大樓
5834,電梯大樓
5835,公寓
5836,電梯大樓
5837,電梯大樓
5838,公寓
5839,公寓
5840,電梯大樓
5841,公寓
5842,公寓
5843,公寓
5844,公寓
5845,電梯大樓
5846,公寓
5847,電梯大樓
5848,公寓
5849,公寓
5850,電梯大樓
5851,電梯大樓
5852,公寓
5853,公寓
5854,透天厝
5855,透天厝
5856,公寓
5857,電梯大樓
5858,公寓
5859,公寓
5860,電梯大樓
5861,電梯大樓
5862,電梯大樓
5863,透天厝
5864,電梯大樓
5865,電梯大樓
5866,公寓
5867,公寓
5868,公寓
5869,公寓
5870,電梯大樓
5871,公寓
5872,電梯大樓
5873,透天厝
5874,公寓
5875,電梯大樓
5876,電梯大樓
5877,電梯大樓
5878,電梯大樓
5879,電梯大樓
5880,公寓
5881,公寓
5882,電梯大樓
5883,透天厝
5884,電梯大樓
5885,電梯大樓
5886,公寓
5887,電梯大樓
5888,電梯大樓
5889,公寓
5890,電梯大樓
5891,電梯大樓
5892,電梯大樓
5893,電梯大樓
5894,電梯大樓
5895,電梯大樓
5896,電梯大樓
5897,公寓
5898,公寓
5899,電梯大樓
5900,公寓
5901,電梯大樓
5902,電梯大樓
5903,公寓
5904,公寓
5905,電梯大樓
5906,電梯大樓
5907,公寓
5908,電梯大樓
5909,電梯大樓
5910,電梯大樓
5911,電梯大樓
5912,公寓
5913,公寓
5914,公寓
5915,電梯大樓
5916,公寓
5917,電梯大樓
5918,透天厝
5919,公寓
5920,電梯大樓
5921,公寓
5922,電梯大樓
5923,電梯大樓
5924,公寓
5925,電梯大樓
5926,公寓
5927,公寓
5928,電梯大樓
5929,電梯大樓
5930,電梯大樓
5931,電梯大樓
5932,電梯大樓
5933,電梯大樓
5934,公寓
5935,公寓
5936,電梯大樓
5937,電梯大樓
5938,公寓
5939,公寓
5940,電梯大樓
5941,電梯大樓
5942,透天厝
5943,電梯大樓
5944,公寓
5945,公寓
5946,電梯大樓
5947,透天厝
5948,公寓
5949,公寓
5950,電梯大樓
5951,電梯大樓
5952,公寓
5953,電梯大樓
5954,透天厝
5955,電梯大樓
5956,電梯大樓
5957,電梯大樓
5958,電梯大樓
5959,公寓
5960,別墅
5961,公寓
5962,電梯大樓
5963,公寓
5964,公寓
5965,電梯大樓
5966,電梯大樓
5967,公寓
5968,透天厝
5969,電梯大樓
5970,電梯大樓
5971,公寓
5972,公寓
5973,公寓
5974,公寓
5975,公寓
5976,公寓
5977,電梯大樓
5978,公寓
5979,公寓
5980,公寓
5981,公寓
5982,透天厝
5983,電梯大樓
5984,公寓
5985,公寓
5986,公寓
5987,公寓
5988,公寓
5989,電梯大樓
5990,電梯大樓
5991,公寓
5992,公寓
5993,公寓
5994,電梯大樓
5995,公寓
5996,透天厝
5997,公寓
5998,公寓
5999,公寓
6000,透天厝
6001,電梯大樓
6002,電梯大樓
6003,公寓
6004,電梯大樓
6005,電梯大樓
6006,公寓
6007,別墅
6008,公寓
6009,電梯大樓
6010,電梯大樓
6011,透天厝
6012,公寓
6013,電梯大樓
6014,公寓
6015,電梯大樓
6016,透天厝
6017,透天厝
6018,公寓
6019,公寓
6020,公寓
6021,公寓
6022,公寓
6023,電梯大樓
6024,透天厝
6025,公寓
6026,公寓
6027,公寓
6028,電梯大樓
6029,公寓
6030,電梯大樓
6031,公寓
6032,電梯大樓
6033,公寓
6034,電梯大樓
6035,公寓
6036,公寓
6037,電梯大樓
6038,電梯大樓
6039,電梯大樓
6040,公寓
6041,電梯大樓
6042,透天厝
6043,電梯大樓
6044,公寓
6045,公寓
6046,公寓
6047,公寓
6048,透天厝
6049,公寓
6050,電梯大樓
6051,公寓
6052,公寓
6053,公寓
6054,電梯大樓
6055,公寓
6056,公寓
6057,公寓
6058,公寓
6059,電梯大樓
6060,公寓
6061,電梯大樓
6062,電梯大樓
6063,公寓
6064,電梯大樓
6065,公寓
6066,公寓
6067,電梯大樓
6068,電梯大樓
6069,電梯大樓
6070,公寓
6071,電梯大樓
6072,電梯大樓
6073,公寓
6074,公寓
6075,電梯大樓
6076,公寓
6077,公寓
6078,公寓
6079,公寓
6080,電梯大樓
6081,電梯大樓
6082,公寓
6083,公寓
6084,公寓
6085,公寓
6086,公寓
6087,公寓
6088,公寓
6089,公寓
6090,公寓
6091,公寓
6092,公寓
6093,電梯大樓
6094,透天厝
6095,電梯大樓
6096,電梯大樓
6097,公寓
6098,公寓
6099,公寓
6100,公寓
6101,公寓
6102,電梯大樓
6103,公寓
6104,電梯大樓
6105,電梯大樓
6106,公寓
6107,公寓
6108,電梯大樓
6109,電梯大樓
6110,公寓
6111,公寓
6112,公寓
6113,電梯大樓
6114,公寓
6115,公寓
6116,公寓
6117,電梯大樓
6118,公寓
6119,公寓
6120,電梯大樓
6121,電梯大樓
6122,電梯大樓
6123,公寓
6124,公寓
6125,電梯大樓
6126,公寓
6127,電梯大樓
6128,公寓
6129,公寓
6130,透天厝
6131,公寓
6132,公寓
6133,電梯大樓
6134,電梯大樓
6135,公寓
6136,電梯大樓
6137,公寓
6138,電梯大樓
6139,公寓
6140,公寓
6141,公寓
6142,公寓
6143,電梯大樓
6144,公寓
6145,公寓
6146,公寓
6147,公寓
6148,公寓
6149,公寓
6150,公寓
6151,公寓
6152,公寓
6153,公寓
6154,公寓
6155,公寓
6156,透天厝
6157,公寓
6158,透天厝
6159,電梯大樓
6160,公寓
6161,電梯大樓
6162,電梯大樓
6163,公寓
6164,公寓
6165,公寓
6166,透天厝
6167,公寓
6168,電梯大樓
6169,電梯大樓
6170,電梯大樓
6171,公寓
6172,公寓
6173,公寓
6174,公寓
6175,電梯大樓
6176,公寓
6177,公寓
6178,透天厝
6179,公寓
6180,公寓
6181,電梯大樓
6182,透天厝
6183,公寓
6184,公寓
6185,公寓
6186,電梯大樓
6187,公寓
6188,電梯大樓
6189,公寓
6190,公寓
6191,電梯大樓
6192,電梯大樓
6193,電梯大樓
6194,公寓
6195,電梯大樓
6196,透天厝
6197,電梯大樓
6198,公寓
6199,公寓
6200,電梯大樓
6201,電梯大樓
6202,公寓
6203,公寓
6204,公寓
6205,公寓
6206,公寓
6207,公寓
6208,透天厝
6209,公寓
6210,電梯大樓
6211,公寓
6212,公寓
6213,公寓
6214,公寓
6215,公寓
6216,透天厝
6217,電梯大樓
6218,電梯大樓
6219,公寓
6220,電梯大樓
6221,電梯大樓
6222,公寓
6223,電梯大樓
6224,公寓
6225,公寓
6226,電梯大樓
6227,電梯大樓
6228,電梯大樓
6229,公寓
6230,電梯大樓
6231,公寓
6232,電梯大樓
6233,公寓
6234,電梯大樓
6235,電梯大樓
6236,電梯大樓
6237,公寓
6238,公寓
6239,公寓
6240,透天厝
6241,公寓
6242,電梯大樓
6243,公寓
6244,公寓
6245,電梯大樓
6246,公寓
6247,公寓
6248,電梯大樓
6249,電梯大樓
6250,公寓
6251,電梯大樓
6252,公寓
6253,公寓
6254,透天厝
6255,公寓
6256,公寓
6257,公寓
6258,電梯大樓
6259,公寓
6260,公寓
6261,公寓
6262,電梯大樓
6263,電梯大樓
6264,電梯大樓
6265,電梯大樓
6266,電梯大樓
6267,公寓
6268,電梯大樓
6269,公寓
6270,公寓
6271,公寓
6272,公寓
6273,電梯大樓
6274,公寓
6275,電梯大樓
6276,公寓
6277,公寓
6278,電梯大樓
6279,公寓
6280,公寓
6281,公寓
6282,公寓
6283,公寓
6284,公寓
6285,電梯大樓
6286,透天厝
6287,電梯大樓
6288,公寓
6289,公寓
6290,公寓
6291,公寓
6292,公寓
6293,公寓
6294,公寓
6295,電梯大樓
6296,電梯大樓
6297,公寓
6298,公寓
6299,電梯大樓
6300,公寓
6301,公寓
6302,公寓
6303,公寓
6304,公寓
6305,公寓
6306,公寓
6307,電梯大樓
6308,公寓
6309,電梯大樓
6310,公寓
6311,電梯大樓
6312,透天厝
6313,公寓
6314,電梯大樓
6315,電梯大樓
6316,公寓
6317,電梯大樓
6318,公寓
6319,透天厝
6320,電梯大樓
6321,電梯大樓
6322,電梯大樓
6323,公寓
6324,電梯大樓
6325,電梯大樓
6326,公寓
6327,公寓
6328,公寓
6329,電梯大樓
6330,公寓
6331,公寓
6332,公寓
6333,電梯大樓
6334,透天厝
6335,電梯大樓
6336,公寓
6337,電梯大樓
6338,公寓
6339,電梯大樓
6340,公寓
6341,公寓
6342,公寓
6343,電梯大樓
6344,公寓
6345,電梯大樓
6346,公寓
6347,電梯大樓
6348,公寓
6349,電梯大樓
6350,公寓
6351,電梯大樓
6352,透天厝
6353,電梯大樓
6354,公寓
6355,電梯大樓
6356,電梯大樓
6357,電梯大樓
6358,電梯大樓
6359,公寓
6360,公寓
6361,電梯大樓
6362,電梯大樓
6363,公寓
6364,公寓
6365,公寓
6366,電梯大樓
6367,公寓
6368,公寓
6369,公寓
6370,電梯大樓
6371,公寓
6372,公寓
6373,公寓
6374,電梯大樓
6375,公寓
6376,公寓
6377,公寓
6378,公寓
6379,公寓
6380,透天厝
6381,電梯大樓
6382,公寓
6383,公寓
6384,透天厝
6385,電梯大樓
6386,電梯大樓
6387,電梯大樓
6388,電梯大樓
6389,公寓
6390,公寓
6391,公寓
6392,公寓
6393,電梯大樓
6394,公寓
6395,電梯大樓
6396,公寓
6397,公寓
6398,透天厝
6399,公寓
6400,公寓
6401,電梯大樓
6402,公寓
6403,公寓
6404,公寓
6405,公寓
6406,電梯大樓
6407,透天厝
6408,電梯大樓
6409,電梯大樓
6410,電梯大樓
6411,公寓
6412,電梯大樓
6413,電梯大樓
6414,公寓
6415,公寓
6416,公寓
6417,電梯大樓
6418,公寓
6419,電梯大樓
6420,公寓
6421,電梯大樓
6422,公寓
6423,透天厝
6424,公寓
6425,公寓
6426,電梯大樓
6427,公寓
6428,電梯大樓
6429,透天厝
6430,電梯大樓
6431,公寓
6432,電梯大樓
6433,公寓
6434,電梯大樓
6435,公寓
6436,電梯大樓
6437,別墅
6438,電梯大樓
6439,公寓
6440,公寓
6441,電梯大樓
6442,公寓
6443,透天厝
6444,公寓
6445,公寓
6446,公寓
6447,公寓
6448,公寓
6449,電梯大樓
6450,公寓
6451,電梯大樓
6452,公寓
6453,電梯大樓
6454,電梯大樓
6455,公寓
6456,電梯大樓
6457,電梯大樓
6458,公寓
6459,公寓
6460,公寓
6461,公寓
6462,公寓
6463,公寓
6464,公寓
6465,公寓
6466,公寓
6467,電梯大樓
6468,電梯大樓
6469,公寓
6470,公寓
6471,公寓
6472,公寓
6473,公寓
6474,公寓
6475,公寓
6476,電梯大樓
6477,電梯大樓
6478,公寓
6479,透天厝
6480,公寓
6481,公寓
6482,公寓
6483,電梯大樓
6484,公寓
6485,電梯大樓
6486,透天厝
6487,電梯大樓
6488,公寓
6489,公寓
6490,公寓
6491,公寓
6492,透天厝
6493,公寓
6494,公寓
6495,最短租期一年
6496,電梯大樓
6497,電梯大樓
6498,公寓
6499,公寓
6500,電梯大樓
6501,公寓
6502,公寓
6503,電梯大樓
6504,電梯大樓
6505,最短租期一年
6506,電梯大樓
6507,公寓
6508,電梯大樓
6509,電梯大樓
6510,透天厝
6511,公寓
6512,公寓
6513,電梯大樓
6514,公寓
6515,公寓
6516,電梯大樓
6517,公寓
6518,公寓
6519,電梯大樓
6520,公寓
6521,電梯大樓
6522,電梯大樓
6523,電梯大樓
6524,電梯大樓
6525,電梯大樓
6526,電梯大樓
6527,電梯大樓
6528,公寓
6529,電梯大樓
6530,公寓
6531,公寓
6532,公寓
6533,公寓
6534,公寓
6535,公寓
6536,電梯大樓
6537,公寓
6538,電梯大樓
6539,電梯大樓
6540,電梯大樓
6541,公寓
6542,電梯大樓
6543,公寓
6544,公寓
6545,公寓
6546,電梯大樓
6547,最短租期一年
6548,最短租期一年
6549,最短租期半年
6550,公寓
6551,電梯大樓
6552,公寓
6553,公寓
6554,電梯大樓
6555,電梯大樓
6556,公寓
6557,公寓
6558,電梯大樓
6559,公寓
6560,最短租期半年
6561,電梯大樓
6562,電梯大樓
6563,公寓
6564,公寓
6565,公寓
6566,電梯大樓
6567,最短租期一年
6568,電梯大樓
6569,公寓
6570,公寓
6571,電梯大樓
6572,電梯大樓
6573,透天厝
6574,公寓
6575,電梯大樓
6576,電梯大樓
6577,公寓
6578,公寓
6579,公寓
6580,公寓
6581,公寓
6582,電梯大樓
6583,電梯大樓
6584,電梯大樓
6585,透天厝
6586,公寓
6587,公寓
6588,公寓
6589,透天厝
6590,公寓
6591,公寓
6592,公寓
6593,公寓
6594,公寓
6595,電梯大樓
6596,最短租期一年
6597,公寓
6598,公寓
6599,電梯大樓
6600,公寓
6601,電梯大樓
6602,公寓
6603,公寓
6604,電梯大樓
6605,電梯大樓
6606,公寓
6607,公寓
6608,公寓
6609,電梯大樓
6610,最短租期三個月
6611,電梯大樓
6612,電梯大樓
6613,公寓
6614,公寓
6615,電梯大樓
6616,公寓
6617,電梯大樓
6618,公寓
6619,電梯大樓
6620,公寓
6621,公寓
6622,電梯大樓
6623,別墅
6624,電梯大樓
6625,最短租期一年
6626,公寓
6627,電梯大樓
6628,公寓
6629,電梯大樓
6630,公寓
6631,公寓
6632,公寓
6633,電梯大樓
6634,最短租期一年
6635,公寓
6636,電梯大樓
6637,電梯大樓
6638,電梯大樓
6639,電梯大樓
6640,公寓
6641,電梯大樓
6642,電梯大樓
6643,最短租期一年
6644,公寓
6645,公寓
6646,公寓
6647,公寓
6648,公寓
6649,公寓
6650,公寓
6651,透天厝
6652,透天厝
6653,公寓
6654,公寓
6655,公寓
6656,公寓
6657,透天厝
6658,公寓
6659,公寓
6660,電梯大樓
6661,電梯大樓
6662,公寓
6663,公寓
6664,公寓
6665,公寓
6666,公寓
6667,電梯大樓
6668,電梯大樓
6669,最短租期一年
6670,透天厝
6671,公寓
6672,公寓
6673,電梯大樓
6674,公寓
6675,電梯大樓
6676,電梯大樓
6677,公寓
6678,公寓
6679,電梯大樓
6680,電梯大樓
6681,電梯大樓
6682,電梯大樓
6683,公寓
6684,公寓
6685,公寓
6686,電梯大樓
6687,電梯大樓
6688,電梯大樓
6689,電梯大樓
6690,公寓
6691,電梯大樓
6692,公寓
6693,公寓
6694,電梯大樓
6695,公寓
6696,電梯大樓
6697,電梯大樓
6698,公寓
6699,電梯大樓
6700,公寓
6701,電梯大樓
6702,電梯大樓
6703,電梯大樓
6704,電梯大樓
6705,電梯大樓
6706,電梯大樓
6707,公寓
6708,公寓
6709,公寓
6710,公寓
6711,公寓
6712,電梯大樓
6713,公寓
6714,公寓
6715,公寓
6716,公寓
6717,公寓
6718,電梯大樓
6719,電梯大樓
6720,公寓
6721,電梯大樓
6722,電梯大樓
6723,透天厝
6724,電梯大樓
6725,電梯大樓
6726,電梯大樓
6727,電梯大樓
6728,別墅
6729,公寓
6730,公寓
6731,電梯大樓
6732,電梯大樓
6733,電梯大樓
6734,電梯大樓
6735,公寓
6736,公寓
6737,電梯大樓
6738,電梯大樓
6739,電梯大樓
6740,透天厝
6741,電梯大樓
6742,電梯大樓
6743,公寓
6744,透天厝
6745,公寓
6746,透天厝
6747,電梯大樓
6748,電梯大樓
6749,電梯大樓
6750,電梯大樓
6751,電梯大樓
6752,電梯大樓
6753,公寓
6754,最短租期一年
6755,公寓
6756,公寓
6757,公寓
6758,公寓
6759,公寓
6760,公寓
6761,公寓
6762,最短租期3月
6763,電梯大樓
6764,公寓
6765,公寓
6766,公寓
6767,電梯大樓
6768,公寓
6769,電梯大樓
6770,電梯大樓
6771,電梯大樓
6772,電梯大樓
6773,電梯大樓
6774,電梯大樓
6775,電梯大樓
6776,電梯大樓
6777,公寓
6778,電梯大樓
6779,電梯大樓
6780,公寓
6781,電梯大樓
6782,公寓
6783,最短租期兩年
6784,公寓
6785,電梯大樓
6786,電梯大樓
6787,電梯大樓
6788,電梯大樓
6789,電梯大樓
6790,電梯大樓
6791,公寓
6792,公寓
6793,電梯大樓
6794,電梯大樓
6795,公寓
6796,公寓
6797,公寓
6798,公寓
6799,公寓
6800,電梯大樓
6801,公寓
6802,公寓
6803,公寓
6804,公寓
6805,公寓
6806,公寓
6807,公寓
6808,電梯大樓
6809,電梯大樓
6810,公寓
6811,公寓
6812,電梯大樓
6813,電梯大樓
6814,電梯大樓
6815,公寓
6816,公寓
6817,公寓
6818,電梯大樓
6819,電梯大樓
6820,透天厝
6821,電梯大樓
6822,公寓
6823,電梯大樓
6824,公寓
6825,公寓
6826,電梯大樓
6827,公寓
6828,公寓
6829,透天厝
6830,電梯大樓
6831,電梯大樓
6832,電梯大樓
6833,公寓
6834,電梯大樓
6835,電梯大樓
6836,電梯大樓
6837,電梯大樓
6838,公寓
6839,電梯大樓
6840,公寓
6841,公寓
6842,公寓
6843,電梯大樓
6844,公寓
6845,電梯大樓
6846,公寓
6847,公寓
6848,公寓
6849,電梯大樓
6850,電梯大樓
6851,電梯大樓
6852,公寓
6853,透天厝
6854,電梯大樓
6855,電梯大樓
6856,電梯大樓
6857,電梯大樓
6858,電梯大樓
6859,公寓
6860,電梯大樓
6861,公寓
6862,公寓
6863,公寓
6864,電梯大樓
6865,公寓
6866,電梯大樓
6867,公寓
6868,電梯大樓
6869,電梯大樓
6870,電梯大樓
6871,公寓
6872,電梯大樓
6873,公寓
6874,電梯大樓
6875,公寓
6876,公寓
6877,公寓
6878,透天厝
6879,公寓
6880,電梯大樓
6881,公寓
6882,公寓
6883,公寓
6884,公寓
6885,公寓
6886,公寓
6887,電梯大樓
6888,倉庫
6889,公寓
6890,倉庫
6891,電梯大樓
6892,透天厝
6893,公寓
6894,電梯大樓
6895,電梯大樓
6896,公寓
6897,公寓
6898,公寓
6899,電梯大樓
6900,電梯大樓
6901,公寓
6902,公寓
6903,公寓
6904,公寓
6905,透天厝
6906,透天厝
6907,別墅
6908,公寓
6909,公寓
6910,公寓
6911,電梯大樓
6912,電梯大樓
6913,電梯大樓
6914,公寓
6915,公寓
6916,公寓
6917,電梯大樓
6918,電梯大樓
6919,公寓
6920,電梯大樓
6921,公寓
6922,公寓
6923,公寓
6924,公寓
6925,電梯大樓
6926,公寓
6927,電梯大樓
6928,電梯大樓
6929,電梯大樓
6930,公寓
6931,公寓
6932,公寓
6933,公寓
6934,公寓
6935,公寓
6936,公寓
6937,透天厝
6938,電梯大樓
6939,電梯大樓
6940,公寓
6941,公寓
6942,公寓
6943,公寓
6944,電梯大樓
6945,電梯大樓
6946,電梯大樓
6947,公寓
6948,電梯大樓
6949,電梯大樓
6950,電梯大樓
6951,公寓
6952,電梯大樓
6953,公寓
6954,公寓
6955,公寓
6956,電梯大樓
6957,電梯大樓
6958,公寓
6959,公寓
6960,電梯大樓
6961,電梯大樓
6962,公寓
6963,電梯大樓
6964,電梯大樓
6965,電梯大樓
6966,公寓
6967,電梯大樓
6968,電梯大樓
6969,電梯大樓
6970,電梯大樓
6971,公寓
6972,電梯大樓
6973,電梯大樓
6974,電梯大樓
6975,電梯大樓
6976,透天厝
6977,電梯大樓
6978,電梯大樓
6979,公寓
6980,公寓
6981,公寓
6982,公寓
6983,公寓
6984,公寓
6985,公寓
6986,電梯大樓
6987,電梯大樓
6988,電梯大樓
6989,公寓
6990,電梯大樓
6991,公寓
6992,公寓
6993,公寓
6994,透天厝
6995,電梯大樓
6996,公寓
6997,電梯大樓
6998,電梯大樓
6999,電梯大樓
7000,電梯大樓
7001,電梯大樓
7002,透天厝
7003,公寓
7004,電梯大樓
7005,公寓
7006,電梯大樓
7007,公寓
7008,公寓
7009,電梯大樓
7010,公寓
7011,公寓
7012,電梯大樓
7013,電梯大樓
7014,電梯大樓
7015,公寓
7016,公寓
7017,公寓
7018,最短租期一年
7019,最短租期一年
7020,公寓
7021,電梯大樓
7022,公寓
7023,電梯大樓
7024,電梯大樓
7025,電梯大樓
7026,電梯大樓
7027,電梯大樓
7028,電梯大樓
7029,公寓
7030,公寓
7031,公寓
7032,電梯大樓
7033,透天厝
7034,電梯大樓
7035,電梯大樓
7036,電梯大樓
7037,電梯大樓
7038,公寓
7039,電梯大樓
7040,電梯大樓
7041,電梯大樓
7042,電梯大樓
7043,公寓
7044,公寓
7045,公寓
7046,公寓
7047,公寓
7048,公寓
7049,公寓
7050,最短租期一年
7051,公寓
7052,公寓
7053,電梯大樓
7054,公寓
7055,電梯大樓
7056,公寓
7057,公寓
7058,公寓
7059,電梯大樓
7060,電梯大樓
7061,電梯大樓
7062,公寓
7063,公寓
7064,電梯大樓
7065,公寓
7066,透天厝
7067,公寓
7068,公寓
7069,公寓
7070,公寓
7071,公寓
7072,公寓
7073,公寓
7074,公寓
7075,公寓
7076,公寓
7077,公寓
7078,公寓
7079,公寓
7080,公寓
7081,公寓
7082,公寓
7083,公寓
7084,公寓
7085,公寓
7086,電梯大樓
7087,電梯大樓
7088,電梯大樓
7089,公寓
7090,公寓
7091,公寓
7092,公寓
7093,公寓
7094,電梯大樓
7095,公寓
7096,電梯大樓
7097,公寓
7098,公寓
7099,電梯大樓
7100,公寓
7101,公寓
7102,電梯大樓
7103,電梯大樓
7104,電梯大樓
7105,電梯大樓
7106,電梯大樓
7107,公寓
7108,公寓
7109,電梯大樓
7110,公寓
7111,公寓
7112,電梯大樓
7113,電梯大樓
7114,電梯大樓
7115,公寓
7116,公寓
7117,電梯大樓
7118,電梯大樓
7119,公寓
7120,公寓
7121,電梯大樓
7122,電梯大樓
7123,公寓
7124,最短租期一年
7125,公寓
7126,公寓
7127,電梯大樓
7128,電梯大樓
7129,電梯大樓
7130,公寓
7131,公寓
7132,電梯大樓
7133,電梯大樓
7134,電梯大樓
7135,電梯大樓
7136,公寓
7137,公寓
7138,電梯大樓
7139,公寓
7140,公寓
7141,電梯大樓
7142,電梯大樓
7143,電梯大樓
7144,透天厝
7145,電梯大樓
7146,電梯大樓
7147,電梯大樓
7148,公寓
7149,電梯大樓
7150,電梯大樓
7151,電梯大樓
7152,電梯大樓
7153,最短租期一年
7154,公寓
7155,電梯大樓
7156,電梯大樓
7157,公寓
7158,公寓
7159,電梯大樓
7160,電梯大樓
7161,公寓
7162,電梯大樓
7163,公寓
7164,公寓
7165,電梯大樓
7166,公寓
7167,電梯大樓
7168,公寓
7169,公寓
7170,公寓
7171,公寓
7172,電梯大樓
7173,公寓
7174,透天厝
7175,公寓
7176,公寓
7177,最短租期三個月
7178,電梯大樓
7179,電梯大樓
7180,電梯大樓
7181,電梯大樓
7182,電梯大樓
7183,電梯大樓
7184,公寓
7185,電梯大樓
7186,公寓
7187,電梯大樓
7188,電梯大樓
7189,電梯大樓
7190,透天厝
7191,公寓
7192,電梯大樓
7193,公寓
7194,公寓
7195,電梯大樓
7196,公寓
7197,電梯大樓
7198,公寓
7199,公寓
7200,公寓
7201,電梯大樓
7202,公寓
7203,公寓
7204,公寓
7205,電梯大樓
7206,電梯大樓
7207,電梯大樓
7208,電梯大樓
7209,公寓
7210,透天厝
7211,電梯大樓
7212,電梯大樓
7213,公寓
7214,電梯大樓
7215,電梯大樓
7216,電梯大樓
7217,電梯大樓
7218,電梯大樓
7219,電梯大樓
7220,電梯大樓
7221,公寓
7222,電梯大樓
7223,電梯大樓
7224,透天厝
7225,電梯大樓
7226,電梯大樓
7227,電梯大樓
7228,公寓
7229,公寓
7230,電梯大樓
7231,電梯大樓
7232,電梯大樓
7233,電梯大樓
7234,電梯大樓
7235,電梯大樓
7236,電梯大樓
7237,公寓
7238,電梯大樓
7239,公寓
7240,公寓
7241,電梯大樓
7242,公寓
7243,公寓
7244,透天厝
7245,透天厝
7246,透天厝
7247,公寓
7248,公寓
7249,公寓
7250,電梯大樓
7251,透天厝
7252,透天厝
7253,電梯大樓
7254,最短租期半年
7255,電梯大樓
7256,公寓
7257,公寓
7258,電梯大樓
7259,電梯大樓
7260,電梯大樓
7261,公寓
7262,電梯大樓
7263,電梯大樓
7264,電梯大樓
7265,電梯大樓
7266,公寓
7267,公寓
7268,電梯大樓
7269,電梯大樓
7270,電梯大樓
7271,電梯大樓
7272,透天厝
7273,公寓
7274,透天厝
7275,電梯大樓
7276,公寓
7277,公寓
7278,公寓
7279,透天厝
7280,電梯大樓
7281,電梯大樓
7282,電梯大樓
7283,電梯大樓
7284,公寓
7285,公寓
7286,公寓
7287,透天厝
7288,公寓
7289,公寓
7290,公寓
7291,公寓
7292,公寓
7293,公寓
7294,公寓
7295,電梯大樓
7296,公寓
7297,電梯大樓
7298,公寓
7299,電梯大樓
7300,電梯大樓
7301,電梯大樓
7302,公寓
7303,電梯大樓
7304,透天厝
7305,公寓
7306,公寓
7307,電梯大樓
7308,公寓
7309,公寓
7310,公寓
7311,公寓
7312,公寓
7313,電梯大樓
7314,電梯大樓
7315,公寓
7316,公寓
7317,公寓
7318,公寓
7319,電梯大樓
7320,電梯大樓
7321,公寓
7322,公寓
7323,公寓
7324,公寓
7325,電梯大樓
7326,電梯大樓
7327,電梯大樓
7328,公寓
7329,公寓
7330,電梯大樓
7331,公寓
7332,電梯大樓
7333,公寓
7334,公寓
7335,公寓
7336,電梯大樓
7337,電梯大樓
7338,公寓
7339,電梯大樓
7340,最短租期半年
7341,公寓
7342,公寓
7343,公寓
7344,電梯大樓
7345,公寓
7346,電梯大樓
7347,公寓
7348,公寓
7349,電梯大樓
7350,電梯大樓
7351,電梯大樓
7352,電梯大樓
7353,公寓
7354,公寓
7355,公寓
7356,電梯大樓
7357,最短租期一年
7358,電梯大樓
7359,公寓
7360,電梯大樓
7361,電梯大樓
7362,公寓
7363,公寓
7364,電梯大樓
7365,公寓
7366,電梯大樓
7367,公寓
7368,電梯大樓
7369,電梯大樓
7370,電梯大樓
7371,電梯大樓
7372,透天厝
7373,透天厝
7374,公寓
7375,電梯大樓
7376,公寓
7377,公寓
7378,電梯大樓
7379,公寓
7380,公寓
7381,公寓
7382,電梯大樓
7383,電梯大樓
7384,電梯大樓
7385,透天厝
7386,公寓
7387,別墅
7388,公寓
7389,電梯大樓
7390,公寓
7391,公寓
7392,公寓
7393,電梯大樓
7394,電梯大樓
7395,公寓
7396,電梯大樓
7397,電梯大樓
7398,公寓
7399,公寓
7400,電梯大樓
7401,公寓
7402,公寓
7403,公寓
7404,電梯大樓
7405,電梯大樓
7406,公寓
7407,電梯大樓
7408,電梯大樓
7409,公寓
7410,最短租期一年
7411,公寓
7412,電梯大樓
7413,公寓
7414,電梯大樓
7415,電梯大樓
7416,電梯大樓
7417,公寓
7418,電梯大樓
7419,公寓
7420,公寓
7421,公寓
7422,公寓
7423,公寓
7424,公寓
7425,公寓
7426,公寓
7427,公寓
7428,電梯大樓
7429,公寓
7430,公寓
7431,電梯大樓
7432,公寓
7433,公寓
7434,公寓
7435,公寓
7436,公寓
7437,公寓
7438,透天厝
7439,電梯大樓
7440,電梯大樓
7441,公寓
7442,公寓
7443,透天厝
7444,公寓
7445,公寓
7446,電梯大樓
7447,電梯大樓
7448,電梯大樓
7449,公寓
7450,公寓
7451,公寓
7452,公寓
7453,電梯大樓
7454,最短租期一年
7455,公寓
7456,電梯大樓
7457,電梯大樓
7458,公寓
7459,電梯大樓
7460,公寓
7461,電梯大樓
7462,公寓
7463,電梯大樓
7464,公寓
7465,公寓
7466,電梯大樓
7467,電梯大樓
7468,電梯大樓
7469,電梯大樓
7470,公寓
7471,電梯大樓
7472,最短租期一年
7473,透天厝
7474,透天厝
7475,公寓
7476,最短租期一年
7477,公寓
7478,電梯大樓
7479,電梯大樓
7480,透天厝
7481,電梯大樓
7482,公寓
7483,電梯大樓
7484,公寓
7485,公寓
7486,公寓
7487,電梯大樓
7488,公寓
7489,公寓
7490,最短租期一年
7491,電梯大樓
7492,公寓
7493,公寓
7494,電梯大樓
7495,電梯大樓
7496,電梯大樓
7497,公寓
7498,公寓
7499,電梯大樓
7500,最短租期一年
7501,電梯大樓
7502,公寓
7503,公寓
7504,電梯大樓
7505,公寓
7506,公寓
7507,透天厝
7508,透天厝
7509,公寓
7510,電梯大樓
7511,電梯大樓
7512,電梯大樓
7513,電梯大樓
7514,透天厝
7515,透天厝
7516,電梯大樓
7517,公寓
7518,公寓
7519,公寓
7520,透天厝
7521,公寓
7522,公寓
7523,電梯大樓
7524,電梯大樓
7525,電梯大樓
7526,公寓
7527,公寓
7528,公寓
7529,公寓
7530,公寓
7531,電梯大樓
7532,電梯大樓
7533,電梯大樓
7534,公寓
7535,公寓
7536,公寓
7537,電梯大樓
7538,電梯大樓
7539,公寓
7540,公寓
7541,公寓
7542,電梯大樓
7543,公寓
7544,電梯大樓
7545,電梯大樓
7546,電梯大樓
7547,公寓
7548,透天厝
7549,公寓
7550,公寓
7551,電梯大樓
7552,電梯大樓
7553,公寓
7554,電梯大樓
7555,電梯大樓
7556,電梯大樓
7557,電梯大樓
7558,公寓
7559,公寓
7560,公寓
7561,電梯大樓
7562,公寓
7563,公寓
7564,電梯大樓
7565,公寓
7566,電梯大樓
7567,電梯大樓
7568,電梯大樓
7569,電梯大樓
7570,電梯大樓
7571,電梯大樓
7572,公寓
7573,電梯大樓
7574,公寓
7575,電梯大樓
7576,公寓
7577,電梯大樓
7578,電梯大樓
7579,最短租期一年
7580,公寓
7581,透天厝
7582,電梯大樓
7583,公寓
7584,公寓
7585,公寓
7586,公寓
7587,公寓
7588,公寓
7589,公寓
7590,電梯大樓
7591,公寓
7592,公寓
7593,電梯大樓
7594,公寓
7595,電梯大樓
7596,公寓
7597,公寓
7598,公寓
7599,公寓
7600,透天厝
7601,電梯大樓
7602,電梯大樓
7603,公寓
7604,公寓
7605,公寓
7606,電梯大樓
7607,公寓
7608,公寓
7609,華廈
7610,透天厝
7611,電梯大樓
7612,電梯大樓
7613,公寓
7614,公寓
7615,公寓
7616,公寓
7617,電梯大樓
7618,電梯大樓
7619,電梯大樓
7620,公寓
7621,電梯大樓
7622,別墅
7623,最短租期一年
7624,電梯大樓
7625,公寓
7626,透天厝
7627,電梯大樓
7628,透天厝
7629,公寓
7630,電梯大樓
7631,透天厝
7632,公寓
7633,電梯大樓
7634,透天厝
7635,電梯大樓
7636,公寓
7637,電梯大樓
7638,電梯大樓
7639,電梯大樓
7640,電梯大樓
7641,公寓
7642,電梯大樓
7643,公寓
7644,公寓
7645,電梯大樓
7646,透天厝
7647,電梯大樓
7648,電梯大樓
7649,公寓
7650,電梯大樓
7651,電梯大樓
7652,公寓
7653,電梯大樓
7654,公寓
7655,電梯大樓
7656,電梯大樓
7657,電梯大樓
7658,電梯大樓
7659,電梯大樓
7660,電梯大樓
7661,電梯大樓
7662,電梯大樓
7663,電梯大樓
7664,電梯大樓
7665,電梯大樓
7666,公寓
7667,公寓
7668,公寓
7669,公寓
7670,公寓
7671,電梯大樓
7672,公寓
7673,公寓
7674,公寓
7675,電梯大樓
7676,公寓
7677,電梯大樓
7678,別墅
7679,電梯大樓
7680,電梯大樓
7681,電梯大樓
7682,電梯大樓
7683,公寓
7684,電梯大樓
7685,電梯大樓
7686,電梯大樓
7687,電梯大樓
7688,公寓
7689,透天厝
7690,透天厝
7691,電梯大樓
7692,電梯大樓
7693,電梯大樓
7694,公寓
7695,電梯大樓
7696,公寓
7697,電梯大樓
7698,公寓
7699,公寓
7700,公寓
7701,公寓
7702,電梯大樓
7703,電梯大樓
7704,公寓
7705,公寓
7706,透天厝
7707,公寓
7708,透天厝
7709,透天厝
7710,公寓
7711,最短租期三個月
7712,公寓
7713,公寓
7714,最短租期三個月
7715,公寓
7716,公寓
7717,電梯大樓
7718,透天厝
7719,電梯大樓
7720,電梯大樓
7721,電梯大樓
7722,電梯大樓
7723,電梯大樓
7724,公寓
7725,公寓
7726,公寓
7727,電梯大樓
7728,公寓
7729,電梯大樓
7730,公寓
7731,公寓
7732,電梯大樓
7733,電梯大樓
7734,公寓
7735,公寓
7736,電梯大樓
7737,公寓
7738,公寓
7739,電梯大樓
7740,公寓
7741,公寓
7742,電梯大樓
7743,公寓
7744,電梯大樓
7745,公寓
7746,公寓
7747,公寓
7748,電梯大樓
7749,公寓
7750,公寓
7751,公寓
7752,公寓
7753,電梯大樓
7754,公寓
7755,公寓
7756,公寓
7757,公寓
7758,公寓
7759,公寓
7760,公寓
7761,最短租期三個月
7762,公寓
7763,公寓
7764,公寓
7765,電梯大樓
7766,電梯大樓
7767,公寓
7768,公寓
7769,公寓
7770,公寓
7771,公寓
7772,公寓
7773,公寓
7774,公寓
7775,電梯大樓
7776,公寓
7777,電梯大樓
7778,電梯大樓
7779,公寓
7780,透天厝
7781,公寓
7782,公寓
7783,電梯大樓
7784,公寓
7785,公寓
7786,透天厝
7787,公寓
7788,透天厝
7789,公寓
7790,公寓
7791,電梯大樓
7792,公寓
7793,電梯大樓
7794,透天厝
7795,公寓
7796,公寓
7797,公寓
7798,公寓
7799,透天厝
7800,公寓
7801,公寓
7802,電梯大樓
7803,電梯大樓
7804,公寓
7805,電梯大樓
7806,公寓
7807,公寓
7808,公寓
7809,公寓
7810,透天厝
7811,公寓
7812,公寓
7813,電梯大樓
7814,電梯大樓
7815,公寓
7816,電梯大樓
7817,公寓
7818,公寓
7819,公寓
7820,電梯大樓
7821,公寓
7822,公寓
7823,公寓
7824,電梯大樓
7825,透天厝
7826,公寓
7827,公寓
7828,透天厝
7829,電梯大樓
7830,電梯大樓
7831,公寓
7832,公寓
7833,透天厝
7834,公寓
7835,公寓
7836,電梯大樓
7837,電梯大樓
7838,公寓
7839,公寓
7840,電梯大樓
7841,電梯大樓
7842,電梯大樓
7843,電梯大樓
7844,電梯大樓
7845,電梯大樓
7846,電梯大樓
7847,電梯大樓
7848,公寓
7849,公寓
7850,電梯大樓
7851,公寓
7852,公寓
7853,透天厝
7854,最短租期一年
7855,電梯大樓
7856,公寓
7857,公寓
7858,電梯大樓
7859,公寓
7860,透天厝
7861,電梯大樓
7862,公寓
7863,電梯大樓
7864,最短租期一年
7865,電梯大樓
7866,電梯大樓
7867,電梯大樓
7868,透天厝
7869,電梯大樓
7870,電梯大樓
7871,電梯大樓
7872,公寓
7873,電梯大樓
7874,公寓
7875,電梯大樓
7876,電梯大樓
7877,電梯大樓
7878,公寓
7879,公寓
7880,電梯大樓
7881,公寓
7882,最短租期一年
7883,公寓
7884,公寓
7885,透天厝
7886,透天厝
7887,電梯大樓
7888,電梯大樓
7889,公寓
7890,電梯大樓
7891,電梯大樓
7892,公寓
7893,公寓
7894,電梯大樓
7895,電梯大樓
7896,電梯大樓
7897,電梯大樓
7898,公寓
7899,電梯大樓
7900,電梯大樓
7901,電梯大樓
7902,電梯大樓
7903,公寓
7904,公寓
7905,公寓
7906,公寓
7907,公寓
7908,公寓
7909,電梯大樓
7910,最短租期一年
7911,公寓
7912,最短租期一年
7913,電梯大樓
7914,電梯大樓
7915,公寓
7916,電梯大樓
7917,公寓
7918,公寓
7919,透天厝
7920,透天厝
7921,電梯大樓
7922,電梯大樓
7923,公寓
7924,華廈
7925,電梯大樓
7926,公寓
7927,電梯大樓
7928,公寓
7929,電梯大樓
7930,電梯大樓
7931,公寓
7932,公寓
7933,公寓
7934,公寓
7935,公寓
7936,最短租期一年
7937,公寓
7938,公寓
7939,電梯大樓
7940,公寓
7941,電梯大樓
7942,最短租期半年
7943,公寓
7944,公寓
7945,最短租期半年
7946,電梯大樓
7947,透天厝
7948,電梯大樓
7949,公寓
7950,公寓
7951,電梯大樓
7952,電梯大樓
7953,電梯大樓
7954,電梯大樓
7955,公寓
7956,公寓
7957,透天厝
7958,電梯大樓
7959,電梯大樓
7960,電梯大樓
7961,電梯大樓
7962,電梯大樓
7963,公寓
7964,電梯大樓
7965,電梯大樓
7966,電梯大樓
7967,電梯大樓
7968,最短租期一年
7969,公寓
7970,電梯大樓
7971,電梯大樓
7972,電梯大樓
7973,最短租期一年
7974,電梯大樓
7975,公寓
7976,公寓
7977,公寓
7978,公寓
7979,電梯大樓
7980,公寓
7981,最短租期一年
7982,電梯大樓
7983,電梯大樓
7984,電梯大樓
7985,公寓
7986,電梯大樓
7987,電梯大樓
7988,電梯大樓
7989,公寓
7990,公寓
7991,透天厝
7992,公寓
7993,透天厝
7994,電梯大樓
7995,公寓
7996,公寓
7997,電梯大樓
7998,電梯大樓
7999,電梯大樓
8000,透天厝
8001,公寓
8002,電梯大樓
8003,電梯大樓
8004,公寓
8005,電梯大樓
8006,公寓
8007,電梯大樓
8008,公寓
8009,公寓
8010,電梯大樓
8011,電梯大樓
8012,電梯大樓
8013,電梯大樓
8014,電梯大樓
8015,電梯大樓
8016,電梯大樓
8017,公寓
8018,電梯大樓
8019,電梯大樓
8020,最短租期一年
8021,透天厝
8022,透天厝
8023,電梯大樓
8024,公寓
8025,電梯大樓
8026,公寓
8027,透天厝
8028,公寓
8029,公寓
8030,公寓
8031,電梯大樓
8032,公寓
8033,公寓
8034,公寓
8035,透天厝
8036,公寓
8037,電梯大樓
8038,電梯大樓
8039,電梯大樓
8040,公寓
8041,電梯大樓
8042,透天厝
8043,透天厝
8044,公寓
8045,公寓
8046,公寓
8047,公寓
8048,透天厝
8049,公寓
8050,公寓
8051,公寓
8052,電梯大樓
8053,電梯大樓
8054,電梯大樓
8055,透天厝
8056,公寓
8057,最短租期一年
8058,電梯大樓
8059,公寓
8060,電梯大樓
8061,電梯大樓
8062,公寓
8063,公寓
8064,電梯大樓
8065,公寓
8066,電梯大樓
8067,公寓
8068,公寓
8069,透天厝
8070,公寓
8071,電梯大樓
8072,透天厝
8073,透天厝
8074,公寓
8075,公寓
8076,公寓
8077,電梯大樓
8078,電梯大樓
8079,公寓
8080,公寓
8081,公寓
8082,電梯大樓
8083,公寓
8084,公寓
8085,電梯大樓
8086,公寓
8087,公寓
8088,電梯大樓
8089,別墅
8090,電梯大樓
8091,透天厝
8092,電梯大樓
8093,公寓
8094,電梯大樓
8095,公寓
8096,公寓
8097,公寓
8098,公寓
8099,公寓
8100,電梯大樓
8101,電梯大樓
8102,公寓
8103,電梯大樓
8104,公寓
8105,公寓
8106,公寓
8107,電梯大樓
8108,電梯大樓
8109,公寓
8110,公寓
8111,公寓
8112,公寓
8113,公寓
8114,透天厝
8115,電梯大樓
8116,電梯大樓
8117,電梯大樓
8118,電梯大樓
8119,公寓
8120,透天厝
8121,公寓
8122,公寓
8123,電梯大樓
8124,電梯大樓
8125,公寓
8126,公寓
8127,公寓
8128,電梯大樓
8129,電梯大樓
8130,公寓
8131,電梯大樓
8132,公寓
8133,電梯大樓
8134,電梯大樓
8135,公寓
8136,公寓
8137,電梯大樓
8138,電梯大樓
8139,公寓
8140,公寓
8141,公寓
8142,電梯大樓
8143,公寓
8144,公寓
8145,電梯大樓
8146,電梯大樓
8147,公寓
8148,電梯大樓
8149,電梯大樓
8150,公寓
8151,電梯大樓
8152,電梯大樓
8153,電梯大樓
8154,電梯大樓
8155,公寓
8156,電梯大樓
8157,公寓
8158,公寓
8159,公寓
8160,電梯大樓
8161,電梯大樓
8162,透天厝
8163,電梯大樓
8164,電梯大樓
8165,電梯大樓
8166,電梯大樓
8167,電梯大樓
8168,電梯大樓
8169,電梯大樓
8170,公寓
8171,公寓
8172,電梯大樓
8173,公寓
8174,電梯大樓
8175,電梯大樓
8176,公寓
8177,公寓
8178,電梯大樓
8179,公寓
8180,公寓
8181,電梯大樓
8182,透天厝
8183,公寓
8184,公寓
8185,電梯大樓
8186,公寓
8187,公寓
8188,透天厝
8189,電梯大樓
8190,公寓
8191,公寓
8192,公寓
8193,電梯大樓
8194,公寓
8195,電梯大樓
8196,電梯大樓
8197,電梯大樓
8198,公寓
8199,公寓
8200,公寓
8201,公寓
8202,透天厝
8203,公寓
8204,公寓
8205,最短租期一年
8206,公寓
8207,公寓
8208,公寓
8209,公寓
8210,電梯大樓
8211,公寓
8212,電梯大樓
8213,電梯大樓
8214,電梯大樓
8215,公寓
8216,電梯大樓
8217,電梯大樓
8218,電梯大樓
8219,公寓
8220,電梯大樓
8221,最短租期1月
8222,最短租期一年
8223,透天厝
8224,電梯大樓
8225,電梯大樓
8226,最短租期一年
8227,電梯大樓
8228,電梯大樓
8229,透天厝
8230,電梯大樓
8231,公寓
8232,電梯大樓
8233,電梯大樓
8234,電梯大樓
8235,電梯大樓
8236,電梯大樓
8237,電梯大樓
8238,公寓
8239,公寓
8240,公寓
8241,電梯大樓
8242,最短租期半年
8243,電梯大樓
8244,電梯大樓
8245,電梯大樓
8246,電梯大樓
8247,公寓
8248,電梯大樓
8249,公寓
8250,公寓
8251,最短租期三個月
8252,電梯大樓
8253,電梯大樓
8254,電梯大樓
8255,公寓
8256,電梯大樓
8257,電梯大樓
8258,最短租期一年
8259,電梯大樓
8260,電梯大樓
8261,電梯大樓
8262,電梯大樓
8263,電梯大樓
8264,公寓
8265,公寓
8266,電梯大樓
8267,公寓
8268,公寓
8269,公寓
8270,電梯大樓
8271,電梯大樓
8272,公寓
8273,公寓
8274,電梯大樓
8275,電梯大樓
8276,電梯大樓
8277,電梯大樓
8278,電梯大樓
8279,電梯大樓
8280,電梯大樓
8281,公寓
8282,電梯大樓
8283,公寓
8284,公寓
8285,電梯大樓
8286,電梯大樓
8287,公寓
8288,電梯大樓
8289,電梯大樓
8290,電梯大樓
8291,公寓
8292,電梯大樓
8293,電梯大樓
8294,電梯大樓
8295,電梯大樓
8296,公寓
8297,電梯大樓
8298,公寓
8299,公寓
8300,電梯大樓
8301,電梯大樓
8302,公寓
8303,電梯大樓
8304,公寓
8305,公寓
8306,電梯大樓
8307,透天厝
8308,電梯大樓
8309,電梯大樓
8310,公寓
8311,電梯大樓
8312,公寓
8313,電梯大樓
8314,電梯大樓
8315,公寓
8316,公寓
8317,電梯大樓
8318,電梯大樓
8319,公寓
8320,公寓
8321,電梯大樓
8322,公寓
8323,公寓
8324,公寓
8325,公寓
8326,電梯大樓
8327,公寓
8328,電梯大樓
8329,公寓
8330,公寓
8331,電梯大樓
8332,電梯大樓
8333,公寓
8334,公寓
8335,電梯大樓
8336,電梯大樓
8337,電梯大樓
8338,公寓
8339,透天厝
8340,電梯大樓
8341,公寓
8342,公寓
8343,公寓
8344,透天厝
8345,公寓
8346,公寓
8347,公寓
8348,電梯大樓
8349,電梯大樓
8350,公寓
8351,透天厝
8352,電梯大樓
8353,公寓
8354,公寓
8355,透天厝
8356,電梯大樓
8357,透天厝
8358,電梯大樓
8359,電梯大樓
8360,電梯大樓
8361,電梯大樓
8362,公寓
8363,電梯大樓
8364,電梯大樓
8365,公寓
8366,公寓
8367,公寓
8368,最短租期一年
8369,最短租期兩年
8370,透天厝
8371,電梯大樓
8372,最短租期一年
8373,透天厝
8374,公寓
8375,電梯大樓
8376,電梯大樓
8377,公寓
8378,公寓
8379,公寓
8380,公寓
8381,電梯大樓
8382,電梯大樓
8383,透天厝
8384,公寓
8385,電梯大樓
8386,公寓
8387,電梯大樓
8388,公寓
8389,公寓
8390,公寓
8391,公寓
8392,公寓
8393,電梯大樓
8394,電梯大樓
8395,公寓
8396,電梯大樓
8397,電梯大樓
8398,電梯大樓
8399,電梯大樓
8400,電梯大樓
8401,電梯大樓
8402,公寓
8403,電梯大樓
8404,電梯大樓
8405,公寓
8406,電梯大樓
8407,公寓
8408,電梯大樓
8409,電梯大樓
8410,電梯大樓
8411,電梯大樓
8412,電梯大樓
8413,公寓
8414,電梯大樓
8415,電梯大樓
8416,電梯大樓
8417,電梯大樓
8418,公寓
8419,電梯大樓
8420,公寓
8421,公寓
8422,最短租期一年
8423,電梯大樓
8424,公寓
8425,電梯大樓
8426,電梯大樓
8427,電梯大樓
8428,公寓
8429,透天厝
8430,電梯大樓
8431,最短租期1月
8432,公寓
8433,最短租期一年
8434,公寓
8435,電梯大樓
8436,電梯大樓
8437,公寓
8438,公寓
8439,公寓
8440,電梯大樓
8441,公寓
8442,公寓
8443,公寓
8444,公寓
8445,電梯大樓
8446,電梯大樓
8447,公寓
8448,公寓
8449,電梯大樓
8450,公寓
8451,公寓
8452,透天厝
8453,電梯大樓
8454,電梯大樓
8455,電梯大樓
8456,公寓
8457,公寓
8458,公寓
8459,公寓
8460,公寓
8461,電梯大樓
8462,電梯大樓
8463,電梯大樓
8464,電梯大樓
8465,電梯大樓
8466,公寓
8467,最短租期三個月
8468,電梯大樓
8469,電梯大樓
8470,電梯大樓
8471,公寓
8472,公寓
8473,公寓
8474,電梯大樓
8475,公寓
8476,電梯大樓
8477,電梯大樓
8478,公寓
8479,透天厝
8480,公寓
8481,電梯大樓
8482,公寓
8483,公寓
8484,公寓
8485,公寓
8486,公寓
8487,電梯大樓
8488,電梯大樓
8489,透天厝
8490,電梯大樓
8491,公寓
8492,公寓
8493,公寓
8494,電梯大樓
8495,電梯大樓
8496,電梯大樓
8497,公寓
8498,公寓
8499,公寓
8500,電梯大樓
8501,電梯大樓
8502,電梯大樓
8503,電梯大樓
8504,電梯大樓
8505,公寓
8506,公寓
8507,電梯大樓
8508,公寓
8509,電梯大樓
8510,公寓
8511,電梯大樓
8512,公寓
8513,電梯大樓
8514,透天厝
8515,電梯大樓
8516,電梯大樓
8517,公寓
8518,電梯大樓
8519,電梯大樓
8520,透天厝
8521,電梯大樓
8522,公寓
8523,電梯大樓
8524,公寓
8525,公寓
8526,公寓
8527,公寓
8528,公寓
8529,公寓
8530,公寓
8531,電梯大樓
8532,電梯大樓
8533,電梯大樓
8534,透天厝
8535,公寓
8536,公寓
8537,公寓
8538,公寓
8539,公寓
8540,公寓
8541,公寓
8542,公寓
8543,公寓
8544,公寓
8545,公寓
8546,公寓
8547,公寓
8548,電梯大樓
8549,公寓
8550,電梯大樓
8551,公寓
8552,電梯大樓
8553,公寓
8554,透天厝
8555,公寓
8556,透天厝
8557,公寓
8558,公寓
8559,公寓
8560,電梯大樓
8561,公寓
8562,公寓
8563,公寓
8564,電梯大樓
8565,公寓
8566,電梯大樓
8567,公寓
8568,透天厝
8569,公寓
8570,公寓
8571,公寓
8572,電梯大樓
8573,公寓
8574,公寓
8575,電梯大樓
8576,電梯大樓
8577,公寓
8578,公寓
8579,公寓
8580,公寓
8581,電梯大樓
8582,電梯大樓
8583,電梯大樓
8584,電梯大樓
8585,電梯大樓
8586,公寓
8587,公寓
8588,公寓
8589,公寓
8590,電梯大樓
8591,公寓
8592,公寓
8593,電梯大樓
8594,透天厝
8595,透天厝
8596,電梯大樓
8597,電梯大樓
8598,公寓
8599,電梯大樓
8600,電梯大樓
8601,透天厝
8602,最短租期三個月
8603,電梯大樓
8604,電梯大樓
8605,電梯大樓
8606,公寓
8607,電梯大樓
8608,公寓
8609,電梯大樓
8610,公寓
8611,公寓
8612,電梯大樓
8613,公寓
8614,公寓
8615,公寓
8616,公寓
8617,公寓
8618,電梯大樓
8619,電梯大樓
8620,電梯大樓
8621,公寓
8622,公寓
8623,電梯大樓
8624,電梯大樓
8625,電梯大樓
8626,公寓
8627,公寓
8628,公寓
8629,透天厝
8630,公寓
8631,電梯大樓
8632,公寓
8633,公寓
8634,公寓
8635,電梯大樓
8636,電梯大樓
8637,電梯大樓
8638,電梯大樓
8639,電梯大樓
8640,電梯大樓
8641,公寓
8642,電梯大樓
8643,電梯大樓
8644,電梯大樓
8645,電梯大樓
8646,電梯大樓
8647,公寓
8648,最短租期三個月
8649,電梯大樓
8650,公寓
8651,公寓
8652,別墅
8653,公寓
8654,電梯大樓
8655,公寓
8656,公寓
8657,公寓
8658,電梯大樓
8659,電梯大樓
8660,公寓
8661,電梯大樓
8662,電梯大樓
8663,公寓
8664,公寓
8665,電梯大樓
8666,公寓
8667,電梯大樓
8668,電梯大樓
8669,公寓
8670,電梯大樓
8671,電梯大樓
8672,電梯大樓
8673,最短租期一年
8674,公寓
8675,電梯大樓
8676,公寓
8677,電梯大樓
8678,公寓
8679,公寓
8680,電梯大樓
8681,公寓
8682,電梯大樓
8683,最短租期一年
8684,電梯大樓
8685,電梯大樓
8686,電梯大樓
8687,電梯大樓
8688,電梯大樓
8689,公寓
8690,電梯大樓
8691,透天厝
8692,電梯大樓
8693,別墅
8694,電梯大樓
8695,透天厝
8696,公寓
8697,透天厝
8698,電梯大樓
8699,電梯大樓
8700,最短租期一年
8701,透天厝
8702,公寓
8703,電梯大樓
8704,公寓
8705,公寓
8706,公寓
8707,公寓
8708,公寓
8709,透天厝
8710,電梯大樓
8711,電梯大樓
8712,公寓
8713,公寓
8714,公寓
8715,電梯大樓
8716,公寓
8717,透天厝
8718,公寓
8719,透天厝
8720,電梯大樓
8721,電梯大樓
8722,電梯大樓
8723,電梯大樓
8724,電梯大樓
8725,電梯大樓
8726,電梯大樓
8727,透天厝
8728,公寓
8729,公寓
8730,公寓
8731,公寓
8732,電梯大樓
8733,公寓
8734,公寓
8735,透天厝
8736,電梯大樓
8737,公寓
8738,電梯大樓
8739,透天厝
8740,公寓
8741,公寓
8742,公寓
8743,電梯大樓
8744,公寓
8745,電梯大樓
8746,電梯大樓
8747,公寓
8748,電梯大樓
8749,電梯大樓
8750,電梯大樓
8751,電梯大樓
8752,最短租期一年
8753,電梯大樓
8754,電梯大樓
8755,電梯大樓
8756,電梯大樓
8757,公寓
8758,公寓
8759,公寓
8760,透天厝
8761,公寓
8762,公寓
8763,公寓
8764,公寓
8765,電梯大樓
8766,電梯大樓
8767,公寓
8768,電梯大樓
8769,電梯大樓
8770,電梯大樓
8771,電梯大樓
8772,公寓
8773,透天厝
8774,公寓
8775,電梯大樓
8776,電梯大樓
8777,公寓
8778,公寓
8779,電梯大樓
8780,公寓
8781,電梯大樓
8782,透天厝
8783,電梯大樓
8784,公寓
8785,公寓
8786,公寓
8787,電梯大樓
8788,電梯大樓
8789,電梯大樓
8790,公寓
8791,公寓
8792,電梯大樓
8793,最短租期三個月
8794,電梯大樓
8795,電梯大樓
8796,公寓
8797,透天厝
8798,公寓
8799,公寓
8800,電梯大樓
8801,公寓
8802,電梯大樓
8803,公寓
8804,電梯大樓
8805,電梯大樓
8806,電梯大樓
8807,公寓
8808,公寓
8809,透天厝
8810,電梯大樓
8811,電梯大樓
8812,公寓
8813,電梯大樓
8814,電梯大樓
8815,電梯大樓
8816,電梯大樓
8817,最短租期一年
8818,電梯大樓
8819,公寓
8820,公寓
8821,電梯大樓
8822,電梯大樓
8823,電梯大樓
8824,電梯大樓
8825,公寓
8826,電梯大樓
8827,電梯大樓
8828,電梯大樓
8829,電梯大樓
8830,電梯大樓
8831,公寓
8832,電梯大樓
8833,電梯大樓
8834,電梯大樓
8835,電梯大樓
8836,最短租期一年
8837,最短租期一年
8838,最短租期一年
8839,別墅
8840,公寓
8841,透天厝
8842,公寓
8843,公寓
8844,公寓
8845,電梯大樓
8846,電梯大樓
8847,公寓
8848,電梯大樓
8849,公寓
8850,電梯大樓
8851,電梯大樓
8852,公寓
8853,電梯大樓
8854,公寓
8855,電梯大樓
8856,公寓
8857,電梯大樓
8858,公寓
8859,公寓
8860,公寓
8861,電梯大樓
8862,透天厝
8863,公寓
8864,公寓
8865,電梯大樓
8866,透天厝
8867,公寓
8868,電梯大樓
8869,公寓
8870,公寓
8871,公寓
8872,電梯大樓
8873,電梯大樓
8874,公寓
8875,公寓
8876,公寓
8877,公寓
8878,公寓
8879,公寓
8880,公寓
8881,電梯大樓
8882,透天厝
8883,公寓
8884,公寓
8885,公寓
8886,公寓
8887,公寓
8888,公寓
8889,公寓
8890,電梯大樓
8891,最短租期三個月
8892,最短租期半年
8893,公寓
8894,電梯大樓
8895,公寓
8896,最短租期半年
8897,電梯大樓
8898,電梯大樓
8899,電梯大樓
8900,電梯大樓
8901,公寓
8902,電梯大樓
8903,電梯大樓
8904,電梯大樓
8905,公寓
8906,公寓
8907,透天厝
8908,電梯大樓
8909,電梯大樓
8910,公寓
8911,電梯大樓
8912,公寓
8913,電梯大樓
8914,電梯大樓
8915,電梯大樓
8916,電梯大樓
8917,公寓
8918,公寓
8919,電梯大樓
8920,公寓
8921,公寓
8922,透天厝
8923,公寓
8924,電梯大樓
8925,公寓
8926,電梯大樓
8927,電梯大樓
8928,電梯大樓
8929,公寓
8930,電梯大樓
8931,公寓
8932,電梯大樓
8933,最短租期2月
8934,公寓
8935,電梯大樓
8936,電梯大樓
8937,公寓
8938,公寓
8939,電梯大樓
8940,公寓
8941,電梯大樓
8942,電梯大樓
8943,公寓
8944,電梯大樓
8945,公寓
8946,電梯大樓
8947,最短租期一年
8948,最短租期1月
8949,最短租期一年
8950,公寓
8951,透天厝
8952,電梯大樓
8953,電梯大樓
8954,最短租期三個月
8955,電梯大樓
8956,電梯大樓
8957,公寓
8958,公寓
8959,公寓
8960,公寓
8961,公寓
8962,公寓
8963,最短租期3月
8964,最短租期三個月
8965,最短租期1月
8966,電梯大樓
8967,電梯大樓
8968,公寓
8969,最短租期三個月
8970,電梯大樓
8971,最短租期一年
8972,透天厝
8973,電梯大樓
8974,電梯大樓
8975,公寓
8976,電梯大樓
8977,電梯大樓
8978,電梯大樓
8979,公寓
8980,公寓
8981,電梯大樓
8982,公寓
8983,公寓
8984,公寓
8985,公寓
8986,公寓
8987,電梯大樓
8988,倉庫
8989,電梯大樓
8990,公寓
8991,公寓
8992,電梯大樓
8993,電梯大樓
8994,公寓
8995,電梯大樓
8996,電梯大樓
8997,電梯大樓
8998,公寓
8999,公寓
9000,最短租期三個月
9001,透天厝
9002,公寓
9003,電梯大樓
9004,透天厝
9005,公寓
9006,最短租期一年
9007,公寓
9008,公寓
9009,公寓
9010,電梯大樓
9011,公寓
9012,公寓
9013,公寓
9014,公寓
9015,公寓
9016,公寓
9017,電梯大樓
9018,公寓
9019,最短租期一年
9020,透天厝
9021,電梯大樓
9022,透天厝
9023,公寓
9024,公寓
9025,公寓
9026,電梯大樓
9027,最短租期三個月
9028,公寓
9029,電梯大樓
9030,公寓
9031,公寓
9032,電梯大樓
9033,公寓
9034,公寓
9035,公寓
9036,最短租期一年
9037,最短租期三個月
9038,電梯大樓
9039,電梯大樓
9040,電梯大樓
9041,公寓
9042,電梯大樓
9043,公寓
9044,公寓
9045,電梯大樓
9046,公寓
9047,公寓
9048,公寓
9049,電梯大樓
9050,公寓
9051,公寓
9052,公寓
9053,公寓
9054,公寓
9055,電梯大樓
9056,公寓
9057,電梯大樓
9058,電梯大樓
9059,公寓
9060,最短租期三個月
9061,公寓
9062,電梯大樓
9063,電梯大樓
9064,公寓
9065,公寓
9066,公寓
9067,公寓
9068,電梯大樓
9069,電梯大樓
9070,最短租期一年
9071,電梯大樓
9072,電梯大樓
9073,公寓
9074,最短租期1月
9075,公寓
9076,公寓
9077,公寓
9078,電梯大樓
9079,公寓
9080,電梯大樓
9081,公寓
9082,電梯大樓
9083,電梯大樓
9084,公寓
9085,電梯大樓
9086,電梯大樓
9087,電梯大樓
9088,電梯大樓
9089,電梯大樓
9090,最短租期一年
9091,電梯大樓
9092,電梯大樓
9093,電梯大樓
9094,電梯大樓
9095,公寓
9096,電梯大樓
9097,公寓
9098,公寓
9099,公寓
9100,電梯大樓
9101,透天厝
9102,電梯大樓
9103,電梯大樓
9104,最短租期一年
9105,公寓
9106,電梯大樓
9107,電梯大樓
9108,公寓
9109,住宅大樓
9110,電梯大樓
9111,電梯大樓
9112,電梯大樓
9113,透天厝
9114,電梯大樓
9115,公寓
9116,公寓
9117,電梯大樓
9118,電梯大樓
9119,透天厝
9120,電梯大樓
9121,公寓
9122,透天厝
9123,公寓
9124,電梯大樓
9125,公寓
9126,透天厝
9127,公寓
9128,公寓
9129,電梯大樓
9130,電梯大樓
9131,電梯大樓
9132,電梯大樓
9133,公寓
9134,電梯大樓
9135,電梯大樓
9136,電梯大樓
9137,公寓
9138,電梯大樓
9139,電梯大樓
9140,電梯大樓
9141,公寓
9142,電梯大樓
9143,公寓
9144,電梯大樓
9145,電梯大樓
9146,公寓
9147,電梯大樓
9148,公寓
9149,公寓
9150,公寓
9151,電梯大樓
9152,電梯大樓
9153,最短租期一年
9154,公寓
9155,電梯大樓
9156,電梯大樓
9157,透天厝
9158,公寓
9159,公寓
9160,電梯大樓
9161,電梯大樓
9162,公寓
9163,公寓
9164,公寓
9165,公寓
9166,電梯大樓
9167,電梯大樓
9168,電梯大樓
9169,電梯大樓
9170,電梯大樓
9171,公寓
9172,電梯大樓
9173,公寓
9174,最短租期一年
9175,公寓
9176,公寓
9177,電梯大樓
9178,電梯大樓
9179,公寓
9180,電梯大樓
9181,電梯大樓
9182,電梯大樓
9183,公寓
9184,透天厝
9185,最短租期一年
9186,電梯大樓
9187,公寓
9188,電梯大樓
9189,電梯大樓
9190,公寓
9191,最短租期一年
9192,公寓
9193,電梯大樓
9194,透天厝
9195,電梯大樓
9196,電梯大樓
9197,電梯大樓
9198,電梯大樓
9199,公寓
9200,透天厝
9201,電梯大樓
9202,公寓
9203,電梯大樓
9204,公寓
9205,公寓
9206,公寓
9207,公寓
9208,公寓
9209,公寓
9210,電梯大樓
9211,電梯大樓
9212,公寓
9213,公寓
9214,電梯大樓
9215,電梯大樓
9216,公寓
9217,公寓
9218,公寓
9219,公寓
9220,公寓
9221,公寓
9222,公寓
9223,公寓
9224,公寓
9225,電梯大樓
9226,公寓
9227,公寓
9228,透天厝
9229,公寓
9230,公寓
9231,電梯大樓
9232,公寓
9233,電梯大樓
9234,華廈
9235,公寓
9236,電梯大樓
9237,電梯大樓
9238,公寓
9239,公寓
9240,公寓
9241,公寓
9242,公寓
9243,公寓
9244,公寓
9245,公寓
9246,電梯大樓
9247,公寓
9248,公寓
9249,電梯大樓
9250,公寓
9251,電梯大樓
9252,電梯大樓
9253,電梯大樓
9254,電梯大樓
9255,最短租期一年
9256,公寓
9257,電梯大樓
9258,電梯大樓
9259,電梯大樓
9260,電梯大樓
9261,公寓
9262,電梯大樓
9263,電梯大樓
9264,電梯大樓
9265,電梯大樓
9266,公寓
9267,公寓
9268,電梯大樓
9269,公寓
9270,公寓
9271,電梯大樓
9272,電梯大樓
9273,電梯大樓
9274,公寓
9275,公寓
9276,電梯大樓
9277,公寓
9278,電梯大樓
9279,公寓
9280,公寓
9281,電梯大樓
9282,電梯大樓
9283,電梯大樓
9284,公寓
9285,電梯大樓
9286,公寓
9287,公寓
9288,公寓
9289,最短租期三個月
9290,公寓
9291,公寓
9292,公寓
9293,電梯大樓
9294,電梯大樓
9295,最短租期一年
9296,電梯大樓
9297,最短租期一年
9298,電梯大樓
9299,電梯大樓
9300,公寓
9301,電梯大樓
9302,電梯大樓
9303,電梯大樓
9304,電梯大樓
9305,電梯大樓
9306,最短租期三個月
9307,最短租期一年
9308,最短租期三個月
9309,電梯大樓
9310,公寓
9311,電梯大樓
9312,電梯大樓
9313,電梯大樓
9314,電梯大樓
9315,電梯大樓
9316,電梯大樓
9317,公寓
9318,公寓
9319,公寓
9320,電梯大樓
9321,公寓
9322,公寓
9323,公寓
9324,電梯大樓
9325,公寓
9326,透天厝
9327,公寓
9328,公寓
9329,公寓
9330,電梯大樓
9331,電梯大樓
9332,公寓
9333,華廈
9334,電梯大樓
9335,公寓
9336,公寓
9337,公寓
9338,電梯大樓
9339,電梯大樓
9340,公寓
9341,公寓
9342,透天厝
9343,公寓
9344,公寓
9345,電梯大樓
9346,透天厝
9347,公寓
9348,公寓
9349,透天厝
9350,公寓
9351,電梯大樓
9352,電梯大樓
9353,電梯大樓
9354,公寓
9355,最短租期一年
9356,公寓
9357,電梯大樓
9358,透天厝
9359,華廈
9360,公寓
9361,公寓
9362,電梯大樓
9363,公寓
9364,電梯大樓
9365,公寓
9366,電梯大樓
9367,電梯大樓
9368,電梯大樓
9369,電梯大樓
9370,電梯大樓
9371,電梯大樓
9372,公寓
9373,公寓
9374,公寓
9375,電梯大樓
9376,最短租期半年
9377,最短租期半年
9378,電梯大樓
9379,公寓
9380,公寓
9381,公寓
9382,電梯大樓
9383,電梯大樓
9384,電梯大樓
9385,電梯大樓
9386,電梯大樓
9387,公寓
9388,電梯大樓
9389,電梯大樓
9390,電梯大樓
9391,最短租期一年
9392,公寓
9393,公寓
9394,公寓
9395,公寓
9396,公寓
9397,公寓
9398,公寓
9399,電梯大樓
9400,電梯大樓
9401,公寓
9402,公寓
9403,公寓
9404,公寓
9405,電梯大樓
9406,公寓
9407,公寓
9408,公寓
9409,公寓
9410,公寓
9411,公寓
9412,公寓
9413,公寓
9414,電梯大樓
9415,公寓
9416,電梯大樓
9417,電梯大樓
9418,公寓
9419,最短租期一年
9420,電梯大樓
9421,公寓
9422,公寓
9423,公寓
9424,公寓
9425,電梯大樓
9426,透天厝
9427,公寓
9428,透天厝
9429,電梯大樓
9430,透天厝
9431,公寓
9432,電梯大樓
9433,公寓
9434,公寓
9435,電梯大樓
9436,公寓
9437,公寓
9438,公寓
9439,透天厝
9440,公寓
9441,透天厝
9442,電梯大樓
9443,公寓
9444,電梯大樓
9445,電梯大樓
9446,公寓
9447,公寓
9448,電梯大樓
9449,電梯大樓
9450,公寓
9451,電梯大樓
9452,電梯大樓
9453,公寓
9454,公寓
9455,公寓
9456,公寓
9457,電梯大樓
9458,電梯大樓
9459,公寓
9460,電梯大樓
9461,電梯大樓
9462,電梯大樓
9463,公寓
9464,電梯大樓
9465,電梯大樓
9466,公寓
9467,公寓
9468,公寓
9469,公寓
9470,公寓
9471,公寓
9472,電梯大樓
9473,華廈
9474,電梯大樓
9475,電梯大樓
9476,公寓
9477,公寓
9478,電梯大樓
9479,公寓
9480,電梯大樓
9481,公寓
9482,公寓
9483,公寓
9484,電梯大樓
9485,公寓
9486,公寓
9487,公寓
9488,電梯大樓
9489,公寓
9490,電梯大樓
9491,透天厝
9492,公寓
9493,公寓
9494,電梯大樓
9495,電梯大樓
9496,公寓
9497,電梯大樓
9498,電梯大樓
9499,電梯大樓
9500,公寓
9501,公寓
9502,電梯大樓
9503,電梯大樓
9504,公寓
9505,公寓
9506,最短租期一年
9507,電梯大樓
9508,公寓
9509,最短租期三個月
9510,電梯大樓
9511,最短租期三個月
9512,電梯大樓
9513,電梯大樓
9514,電梯大樓
9515,電梯大樓
9516,公寓
9517,公寓
9518,公寓
9519,公寓
9520,電梯大樓
9521,電梯大樓
9522,電梯大樓
9523,公寓
9524,電梯大樓
9525,透天厝
9526,電梯大樓
9527,電梯大樓
9528,公寓
9529,公寓
9530,電梯大樓
9531,電梯大樓
9532,公寓
9533,公寓
9534,電梯大樓
9535,電梯大樓
9536,公寓
9537,電梯大樓
9538,電梯大樓
9539,透天厝
9540,電梯大樓
9541,公寓
9542,透天厝
9543,公寓
9544,公寓
9545,公寓
9546,公寓
9547,公寓
9548,電梯大樓
9549,公寓
9550,公寓
9551,公寓
9552,電梯大樓
9553,電梯大樓
9554,電梯大樓
9555,電梯大樓
9556,公寓
9557,電梯大樓
9558,透天厝
9559,公寓
9560,公寓
9561,公寓
9562,公寓
9563,透天厝
9564,透天厝
9565,公寓
9566,電梯大樓
9567,公寓
9568,公寓
9569,公寓
9570,透天厝
9571,透天厝
9572,公寓
9573,電梯大樓
9574,公寓
9575,公寓
9576,公寓
9577,公寓
9578,電梯大樓
9579,最短租期一年
9580,最短租期一年
9581,最短租期一年
9582,公寓
9583,最短租期一年
9584,電梯大樓
9585,透天厝
9586,公寓
9587,公寓
9588,公寓
9589,公寓
9590,電梯大樓
9591,電梯大樓
9592,公寓
9593,公寓
9594,公寓
9595,公寓
9596,公寓
9597,公寓
9598,公寓
9599,透天厝
9600,公寓
9601,公寓
9602,公寓
9603,公寓
9604,最短租期一年
9605,公寓
9606,公寓
9607,公寓
9608,公寓
9609,公寓
9610,電梯大樓
9611,公寓
9612,公寓
9613,電梯大樓
9614,公寓
9615,電梯大樓
9616,最短租期一年
9617,電梯大樓
9618,公寓
9619,電梯大樓
9620,電梯大樓
9621,電梯大樓
9622,公寓
9623,最短租期一年
9624,電梯大樓
9625,電梯大樓
9626,最短租期半年
9627,電梯大樓
9628,電梯大樓
9629,電梯大樓
9630,透天厝
9631,電梯大樓
9632,公寓
9633,最短租期一年
9634,電梯大樓
9635,電梯大樓
9636,電梯大樓
9637,電梯大樓
9638,最短租期三個月
9639,電梯大樓
9640,公寓
9641,公寓
9642,公寓
9643,公寓
9644,公寓
9645,電梯大樓
9646,透天厝
9647,電梯大樓
9648,公寓
9649,電梯大樓
9650,電梯大樓
9651,電梯大樓
9652,公寓
9653,電梯大樓
9654,電梯大樓
9655,公寓
9656,公寓
9657,公寓
9658,電梯大樓
9659,最短租期1月
9660,電梯大樓
9661,電梯大樓
9662,公寓
9663,公寓
9664,公寓
9665,電梯大樓
9666,公寓
9667,電梯大樓
9668,公寓
9669,公寓
9670,公寓
9671,電梯大樓
9672,電梯大樓
9673,電梯大樓
9674,電梯大樓
9675,電梯大樓
9676,電梯大樓
9677,電梯大樓
9678,公寓
9679,公寓
9680,公寓
9681,別墅
9682,最短租期一年
9683,電梯大樓
9684,電梯大樓
9685,公寓
9686,公寓
9687,公寓
9688,公寓
9689,公寓
9690,公寓
9691,最短租期一年
9692,電梯大樓
9693,電梯大樓
9694,電梯大樓
9695,電梯大樓
9696,公寓
9697,公寓
9698,公寓
9699,公寓
9700,最短租期三個月
9701,公寓
9702,電梯大樓
9703,電梯大樓
9704,公寓
9705,電梯大樓
9706,公寓
9707,公寓
9708,公寓
9709,電梯大樓
9710,公寓
9711,電梯大樓
9712,公寓
9713,公寓
9714,公寓
9715,電梯大樓
9716,電梯大樓
9717,公寓
9718,電梯大樓
9719,電梯大樓
9720,公寓
9721,電梯大樓
9722,電梯大樓
9723,電梯大樓
9724,電梯大樓
9725,公寓
9726,公寓
9727,公寓
9728,公寓
9729,最短租期一年
9730,公寓
9731,公寓
9732,公寓
9733,公寓
9734,電梯大樓
9735,透天厝
9736,電梯大樓
9737,電梯大樓
9738,電梯大樓
9739,最短租期一年
9740,電梯大樓
9741,華廈
9742,電梯大樓
9743,電梯大樓
9744,電梯大樓
9745,電梯大樓
9746,最短租期一年
9747,電梯大樓
9748,電梯大樓
9749,電梯大樓
9750,電梯大樓
9751,電梯大樓
9752,公寓
9753,公寓
9754,公寓
9755,電梯大樓
9756,電梯大樓
9757,電梯大樓
9758,公寓
9759,最短租期一年
9760,電梯大樓
9761,公寓
9762,電梯大樓
9763,電梯大樓
9764,最短租期1月
9765,電梯大樓
9766,公寓
9767,公寓
9768,最短租期一年
9769,公寓
9770,電梯大樓
9771,電梯大樓
9772,電梯大樓
9773,透天厝
9774,透天厝
9775,電梯大樓
9776,電梯大樓
9777,電梯大樓
9778,公寓
9779,電梯大樓
9780,電梯大樓
9781,電梯大樓
9782,透天厝
9783,公寓
9784,透天厝
9785,公寓
9786,電梯大樓
9787,透天厝
9788,公寓
9789,電梯大樓
9790,最短租期半年
9791,最短租期兩年
9792,公寓
9793,電梯大樓
9794,公寓
9795,電梯大樓
9796,電梯大樓
9797,最短租期一年
9798,電梯大樓
9799,電梯大樓
9800,電梯大樓
9801,電梯大樓
9802,電梯大樓
9803,電梯大樓
9804,電梯大樓
9805,電梯大樓
9806,電梯大樓
9807,電梯大樓
9808,透天厝
9809,電梯大樓
9810,公寓
9811,公寓
9812,電梯大樓
9813,公寓
9814,公寓
9815,電梯大樓
9816,電梯大樓
9817,最短租期3月
9818,電梯大樓
9819,最短租期一年
9820,電梯大樓
9821,公寓
9822,公寓
9823,電梯大樓
9824,電梯大樓
9825,電梯大樓
9826,公寓
9827,最短租期一年
9828,電梯大樓
9829,公寓
9830,公寓
9831,電梯大樓
9832,最短租期一年
9833,公寓
9834,公寓
9835,透天厝
9836,透天厝
9837,公寓
9838,電梯大樓
9839,公寓
9840,公寓
9841,最短租期一年
9842,電梯大樓
9843,公寓
9844,電梯大樓
9845,公寓
9846,電梯大樓
9847,公寓
9848,電梯大樓
9849,透天厝
9850,透天厝
9851,電梯大樓
9852,電梯大樓
9853,電梯大樓
9854,電梯大樓
9855,公寓
9856,電梯大樓
9857,電梯大樓
9858,電梯大樓
9859,公寓
9860,最短租期三個月
9861,公寓
9862,電梯大樓
9863,電梯大樓
9864,公寓
9865,最短租期一年
9866,公寓
9867,電梯大樓
9868,公寓
9869,電梯大樓
9870,公寓
9871,公寓
9872,最短租期一年
9873,公寓
9874,電梯大樓
9875,電梯大樓
9876,電梯大樓
9877,電梯大樓
9878,電梯大樓
9879,公寓
9880,公寓
9881,電梯大樓
9882,公寓
9883,公寓
9884,電梯大樓
9885,電梯大樓
9886,透天厝
9887,電梯大樓
9888,公寓
9889,電梯大樓
9890,公寓
9891,公寓
9892,公寓
9893,電梯大樓
9894,公寓
9895,電梯大樓
9896,最短租期一年
9897,電梯大樓
9898,公寓
9899,公寓
9900,最短租期一年
9901,透天厝
9902,電梯大樓
9903,電梯大樓
9904,電梯大樓
9905,最短租期1月
9906,透天厝
9907,公寓
9908,電梯大樓
9909,公寓
9910,公寓
9911,電梯大樓
9912,電梯大樓
9913,電梯大樓
9914,電梯大樓
9915,公寓
9916,公寓
9917,電梯大樓
9918,公寓
9919,電梯大樓
9920,電梯大樓
9921,電梯大樓
9922,電梯大樓
9923,公寓
9924,公寓
9925,電梯大樓
9926,電梯大樓
9927,電梯大樓
9928,最短租期一年
9929,電梯大樓
9930,公寓
9931,電梯大樓
9932,電梯大樓
9933,電梯大樓
9934,電梯大樓
9935,電梯大樓
9936,透天厝
9937,透天厝
9938,公寓
9939,透天厝
9940,電梯大樓
9941,電梯大樓
9942,電梯大樓
9943,電梯大樓
9944,電梯大樓
9945,電梯大樓
9946,公寓
9947,公寓
9948,電梯大樓
9949,公寓
9950,電梯大樓
9951,電梯大樓
9952,電梯大樓
9953,最短租期一年
9954,最短租期6月
9955,最短租期一年
9956,電梯大樓
9957,電梯大樓
9958,電梯大樓
9959,電梯大樓
9960,電梯大樓
9961,電梯大樓
9962,電梯大樓
9963,電梯大樓
9964,最短租期一年
9965,電梯大樓
9966,最短租期一年
9967,最短租期一年
9968,電梯大樓
9969,公寓
9970,電梯大樓
9971,電梯大樓
9972,電梯大樓
9973,公寓
9974,公寓
9975,公寓
9976,公寓
9977,公寓
9978,公寓
9979,公寓
9980,公寓
9981,最短租期1月
9982,電梯大樓
9983,公寓
9984,公寓
9985,電梯大樓
9986,電梯大樓
9987,最短租期一年
9988,公寓
9989,公寓
